[debug] [2026-08-25T11:18:56.234Z] ----------------------------------------------------------------------
[debug] [2026-08-25T11:18:56.236Z] Command:       C:\Program Files\nodejs\node.exe C:\School\Loady\node_modules\firebase-tools\lib\bin\firebase.js emulators:start --only firestore --project loady-test-project
[debug] [2026-08-25T11:18:56.236Z] CLI Version:   15.28.1
[debug] [2026-08-25T11:18:56.236Z] Platform:      win32
[debug] [2026-08-25T11:18:56.237Z] Node Version:  v24.18.0
[debug] [2026-08-25T11:18:56.237Z] Detected Agent: antigravity
[debug] [2026-08-25T11:18:56.237Z] Time:          Tue Aug 25 2026 19:18:56 GMT+0800 (Philippine Standard Time)
[debug] [2026-08-25T11:18:56.237Z] ----------------------------------------------------------------------
[debug] 
[debug] [2026-08-25T11:18:56.248Z] >>> [apiv2][query] GET https://firebase-public.firebaseio.com/cli.json [none]
[debug] [2026-08-25T11:18:58.578Z] > command requires scopes: ["email","openid","https://www.googleapis.com/auth/cloudplatformprojects.readonly","https://www.googleapis.com/auth/firebase","https://www.googleapis.com/auth/cloud-platform"]
[debug] Failed to authenticate, have you run firebase login?
[warn] !  emulators: You are not currently authenticated so some features may not work correctly. Please run firebase login to authenticate the CLI. 
[debug] [2026-08-25T11:18:58.757Z] openjdk version "25.0.1" 2025-10-21 LTS
OpenJDK Runtime Environment Temurin-25.0.1+8 (build 25.0.1+8-LTS)
OpenJDK 64-Bit Server VM Temurin-25.0.1+8 (build 25.0.1+8-LTS, mixed mode, sharing)

[debug] [2026-08-25T11:18:58.764Z] Parsed Java major version: 25
[info] i  emulators: Starting emulators: firestore {"metadata":{"emulator":{"name":"hub"},"message":"Starting emulators: firestore"}}
[debug] [2026-08-25T11:18:58.776Z] [logging] Logging Emulator only supports listening on one address (127.0.0.1). Not listening on ::1
[debug] [2026-08-25T11:18:58.776Z] [firestore] Firestore Emulator only supports listening on one address (127.0.0.1). Not listening on ::1
[debug] [2026-08-25T11:18:58.776Z] [firestore.websocket] websocket server for firestore only supports listening on one address (127.0.0.1). Not listening on ::1
[debug] [2026-08-25T11:18:58.776Z] assigned listening specs for emulators {"user":{"hub":[{"address":"127.0.0.1","family":"IPv4","port":4400},{"address":"::1","family":"IPv6","port":4400}],"ui":[{"address":"127.0.0.1","family":"IPv4","port":4000},{"address":"::1","family":"IPv6","port":4000}],"logging":[{"address":"127.0.0.1","family":"IPv4","port":4500}],"firestore":[{"address":"127.0.0.1","family":"IPv4","port":8080}],"firestore.websocket":[{"address":"127.0.0.1","family":"IPv4","port":9150}]},"metadata":{"message":"assigned listening specs for emulators"}}
[debug] [2026-08-25T11:18:58.780Z] Write emulator hub locator at C:\Users\Lenovo\AppData\Local\Temp\hub-loady-test-project.json
[debug] [2026-08-25T11:18:58.789Z] Ignoring unsupported arg: auto_download {"metadata":{"emulator":{"name":"firestore"},"message":"Ignoring unsupported arg: auto_download"}}
[debug] [2026-08-25T11:18:58.789Z] Ignoring unsupported arg: single_project_mode_error {"metadata":{"emulator":{"name":"firestore"},"message":"Ignoring unsupported arg: single_project_mode_error"}}
[debug] [2026-08-25T11:18:58.789Z] Starting Firestore Emulator with command {"binary":"java","args":["-Dgoogle.cloud_firestore.debug_log_level=FINE","-Duser.language=en","-jar","C:\\Users\\Lenovo\\.cache\\firebase\\emulators\\cloud-firestore-emulator-v1.22.0.jar","--host","127.0.0.1","--port",8080,"--websocket_port",9150,"--database-edition","standard","--project_id","loady-test-project","--rules","C:\\School\\Loady\\firestore.rules","--single_project_mode",true],"optionalArgs":["port","webchannel_port","host","rules","websocket_port","database-edition","functions_emulator","seed_from_export","project_id","single_project_mode"],"joinArgs":false,"shell":false,"port":8080} {"metadata":{"emulator":{"name":"firestore"},"message":"Starting Firestore Emulator with command {\"binary\":\"java\",\"args\":[\"-Dgoogle.cloud_firestore.debug_log_level=FINE\",\"-Duser.language=en\",\"-jar\",\"C:\\\\Users\\\\Lenovo\\\\.cache\\\\firebase\\\\emulators\\\\cloud-firestore-emulator-v1.22.0.jar\",\"--host\",\"127.0.0.1\",\"--port\",8080,\"--websocket_port\",9150,\"--database-edition\",\"standard\",\"--project_id\",\"loady-test-project\",\"--rules\",\"C:\\\\School\\\\Loady\\\\firestore.rules\",\"--single_project_mode\",true],\"optionalArgs\":[\"port\",\"webchannel_port\",\"host\",\"rules\",\"websocket_port\",\"database-edition\",\"functions_emulator\",\"seed_from_export\",\"project_id\",\"single_project_mode\"],\"joinArgs\":false,\"shell\":false,\"port\":8080}"}}
[info] i  firestore: Firestore Emulator logging to firestore-debug.log {"metadata":{"emulator":{"name":"firestore"},"message":"Firestore Emulator logging to \u001b[1mfirestore-debug.log\u001b[22m"}}
[debug] [2026-08-25T11:18:59.090Z] WARNING: A terminally deprecated method in sun.misc.Unsafe has been called
WARNING: sun.misc.Unsafe::allocateMemory has been called by io.netty.util.internal.PlatformDependent0$2 (file:/C:/Users/Lenovo/.cache/firebase/emulators/cloud-firestore-emulator-v1.22.0.jar)
WARNING: Please consider reporting this to the maintainers of class io.netty.util.internal.PlatformDependent0$2
WARNING: sun.misc.Unsafe::allocateMemory will be removed in a future release
 {"metadata":{"emulator":{"name":"firestore"},"message":"WARNING: A terminally deprecated method in sun.misc.Unsafe has been called\nWARNING: sun.misc.Unsafe::allocateMemory has been called by io.netty.util.internal.PlatformDependent0$2 (file:/C:/Users/Lenovo/.cache/firebase/emulators/cloud-firestore-emulator-v1.22.0.jar)\nWARNING: Please consider reporting this to the maintainers of class io.netty.util.internal.PlatformDependent0$2\nWARNING: sun.misc.Unsafe::allocateMemory will be removed in a future release\r\n"}}
[debug] [2026-08-25T11:18:59.137Z] <<< [apiv2][status] GET https://firebase-public.firebaseio.com/cli.json 200
[debug] [2026-08-25T11:18:59.137Z] <<< [apiv2][body] GET https://firebase-public.firebaseio.com/cli.json {"cloudBuildErrorAfter":1594252800000,"cloudBuildWarnAfter":1590019200000,"defaultNode10After":1594252800000,"minVersion":"3.0.5","node8DeploysDisabledAfter":1613390400000,"node8RuntimeDisabledAfter":1615809600000,"node8WarnAfter":1600128000000}
[debug] [2026-08-25T11:18:59.867Z] Aug 25, 2026 7:18:59 PM com.google.cloud.datastore.emulator.firestore.websocket.WebSocketServer start
INFO: Started WebSocket server on ws://127.0.0.1:9150
 {"metadata":{"emulator":{"name":"firestore"},"message":"Aug 25, 2026 7:18:59 PM com.google.cloud.datastore.emulator.firestore.websocket.WebSocketServer start\r\nINFO: Started WebSocket server on ws://127.0.0.1:9150\r\n"}}
[debug] [2026-08-25T11:18:59.922Z] 
API endpoint: http:// {"metadata":{"emulator":{"name":"firestore"},"message":"\nAPI endpoint: http://"}}
[debug] [2026-08-25T11:18:59.923Z] 127.0.0.1:8080
Database Edition: STANDARD
Database Mode: CLOUD_FIRESTORE

If you are using a library that supports the FIRESTORE_EMULATOR_HOST environment variable, run:

   export FIRESTORE_EMULATOR_HOST=127.0.0.1:8080

If you are running a Firestore in Datastore Mode project, run:

   export DATASTORE_EMULATOR_HOST=127.0.0.1:8080

Note: Support for Datastore Mode is in preview. If you encounter any bugs please file at https://github.com/firebase/firebase-tools/issues.
Dev App Server is now running.

 {"metadata":{"emulator":{"name":"firestore"},"message":"127.0.0.1:8080\nDatabase Edition: STANDARD\nDatabase Mode: CLOUD_FIRESTORE\n\nIf you are using a library that supports the FIRESTORE_EMULATOR_HOST environment variable, run:\r\n\n   export FIRESTORE_EMULATOR_HOST=127.0.0.1:8080\n\nIf you are running a Firestore in Datastore Mode project, run:\r\n\n   export DATASTORE_EMULATOR_HOST=127.0.0.1:8080\n\nNote: Support for Datastore Mode is in preview. If you encounter any bugs please file at https://github.com/firebase/firebase-tools/issues.\r\nDev App Server is now running.\n\r\n"}}
[info] +  firestore: Firestore Emulator was started in standard edition. {"metadata":{"emulator":{"name":"firestore"},"message":"Firestore Emulator was started in standard edition."}}
[info] +  firestore: Firestore Emulator UI websocket is running on 9150. {"metadata":{"emulator":{"name":"firestore"},"message":"Firestore Emulator UI websocket is running on 9150."}}
[info] i  ui: downloading ui-v1.15.0.zip... {"metadata":{"emulator":{"name":"ui"},"message":"downloading ui-v1.15.0.zip..."}}
[debug] [2026-08-25T11:19:00.078Z] >>> [apiv2][query] GET https://storage.googleapis.com/firebase-preview-drop/emulator/ui-v1.15.0.zip 
[debug] [2026-08-25T11:19:00.160Z] <<< [apiv2][status] GET https://storage.googleapis.com/firebase-preview-drop/emulator/ui-v1.15.0.zip 200
[debug] [2026-08-25T11:19:00.160Z] <<< [apiv2][body] GET https://storage.googleapis.com/firebase-preview-drop/emulator/ui-v1.15.0.zip [stream]
[debug] [2026-08-25T11:19:00.632Z] Data is 3538469
[debug] [2026-08-25T11:19:00.632Z] [unzip] Entry: client/ (compressed_size=0 bytes, uncompressed_size=0 bytes)
[debug] [2026-08-25T11:19:00.632Z] [unzip] Processing entry: client\
[debug] [2026-08-25T11:19:00.632Z] [unzip] mkdir: C:\Users\Lenovo\.cache\firebase\emulators\ui-v1.15.0\client\
[debug] [2026-08-25T11:19:00.634Z] [unzip] Entry: client/favicon-16x16.png (compressed_size=293 bytes, uncompressed_size=293 bytes)
[debug] [2026-08-25T11:19:00.634Z] [unzip] Processing entry: client\favicon-16x16.png
[debug] [2026-08-25T11:19:00.634Z] [unzip] else mkdir: C:\Users\Lenovo\.cache\firebase\emulators\ui-v1.15.0\client
[debug] [2026-08-25T11:19:00.634Z] [unzip] Writing file: C:\Users\Lenovo\.cache\firebase\emulators\ui-v1.15.0\client\favicon-16x16.png
[debug] [2026-08-25T11:19:00.635Z] [unzip] Entry: client/safari-pinned-tab.svg (compressed_size=1433 bytes, uncompressed_size=2611 bytes)
[debug] [2026-08-25T11:19:00.636Z] [unzip] Processing entry: client\safari-pinned-tab.svg
[debug] [2026-08-25T11:19:00.636Z] [unzip] else mkdir: C:\Users\Lenovo\.cache\firebase\emulators\ui-v1.15.0\client
[debug] [2026-08-25T11:19:00.636Z] [unzip] deflating: C:\Users\Lenovo\.cache\firebase\emulators\ui-v1.15.0\client\safari-pinned-tab.svg
[debug] [2026-08-25T11:19:00.638Z] [unzip] Entry: client/favicon.ico (compressed_size=2933 bytes, uncompressed_size=13294 bytes)
[debug] [2026-08-25T11:19:00.638Z] [unzip] Processing entry: client\favicon.ico
[debug] [2026-08-25T11:19:00.638Z] [unzip] else mkdir: C:\Users\Lenovo\.cache\firebase\emulators\ui-v1.15.0\client
[debug] [2026-08-25T11:19:00.639Z] [unzip] deflating: C:\Users\Lenovo\.cache\firebase\emulators\ui-v1.15.0\client\favicon.ico
[debug] [2026-08-25T11:19:00.639Z] [unzip] Entry: client/index.html (compressed_size=1364 bytes, uncompressed_size=3071 bytes)
[debug] [2026-08-25T11:19:00.639Z] [unzip] Processing entry: client\index.html
[debug] [2026-08-25T11:19:00.639Z] [unzip] else mkdir: C:\Users\Lenovo\.cache\firebase\emulators\ui-v1.15.0\client
[debug] [2026-08-25T11:19:00.640Z] [unzip] deflating: C:\Users\Lenovo\.cache\firebase\emulators\ui-v1.15.0\client\index.html
[debug] [2026-08-25T11:19:00.641Z] [unzip] Entry: client/android-chrome-192x192.png (compressed_size=2684 bytes, uncompressed_size=2684 bytes)
[debug] [2026-08-25T11:19:00.641Z] [unzip] Processing entry: client\android-chrome-192x192.png
[debug] [2026-08-25T11:19:00.641Z] [unzip] else mkdir: C:\Users\Lenovo\.cache\firebase\emulators\ui-v1.15.0\client
[debug] [2026-08-25T11:19:00.642Z] [unzip] Writing file: C:\Users\Lenovo\.cache\firebase\emulators\ui-v1.15.0\client\android-chrome-192x192.png
[debug] [2026-08-25T11:19:00.642Z] [unzip] Entry: client/apple-touch-icon.png (compressed_size=2123 bytes, uncompressed_size=2152 bytes)
[debug] [2026-08-25T11:19:00.642Z] [unzip] Processing entry: client\apple-touch-icon.png
[debug] [2026-08-25T11:19:00.642Z] [unzip] else mkdir: C:\Users\Lenovo\.cache\firebase\emulators\ui-v1.15.0\client
[debug] [2026-08-25T11:19:00.642Z] [unzip] deflating: C:\Users\Lenovo\.cache\firebase\emulators\ui-v1.15.0\client\apple-touch-icon.png
[debug] [2026-08-25T11:19:00.643Z] [unzip] Entry: client/android-chrome-512x512.png (compressed_size=5369 bytes, uncompressed_size=5411 bytes)
[debug] [2026-08-25T11:19:00.643Z] [unzip] Processing entry: client\android-chrome-512x512.png
[debug] [2026-08-25T11:19:00.643Z] [unzip] else mkdir: C:\Users\Lenovo\.cache\firebase\emulators\ui-v1.15.0\client
[debug] [2026-08-25T11:19:00.643Z] [unzip] deflating: C:\Users\Lenovo\.cache\firebase\emulators\ui-v1.15.0\client\android-chrome-512x512.png
[debug] [2026-08-25T11:19:00.644Z] [unzip] Entry: client/manifest.json (compressed_size=245 bytes, uncompressed_size=551 bytes)
[debug] [2026-08-25T11:19:00.644Z] [unzip] Processing entry: client\manifest.json
[debug] [2026-08-25T11:19:00.644Z] [unzip] else mkdir: C:\Users\Lenovo\.cache\firebase\emulators\ui-v1.15.0\client
[debug] [2026-08-25T11:19:00.645Z] [unzip] deflating: C:\Users\Lenovo\.cache\firebase\emulators\ui-v1.15.0\client\manifest.json
[debug] [2026-08-25T11:19:00.645Z] [unzip] Entry: client/robots.txt (compressed_size=26 bytes, uncompressed_size=26 bytes)
[debug] [2026-08-25T11:19:00.645Z] [unzip] Processing entry: client\robots.txt
[debug] [2026-08-25T11:19:00.645Z] [unzip] else mkdir: C:\Users\Lenovo\.cache\firebase\emulators\ui-v1.15.0\client
[debug] [2026-08-25T11:19:00.646Z] [unzip] Writing file: C:\Users\Lenovo\.cache\firebase\emulators\ui-v1.15.0\client\robots.txt
[debug] [2026-08-25T11:19:00.646Z] [unzip] Entry: client/mstile-150x150.png (compressed_size=2034 bytes, uncompressed_size=2034 bytes)
[debug] [2026-08-25T11:19:00.646Z] [unzip] Processing entry: client\mstile-150x150.png
[debug] [2026-08-25T11:19:00.646Z] [unzip] else mkdir: C:\Users\Lenovo\.cache\firebase\emulators\ui-v1.15.0\client
[debug] [2026-08-25T11:19:00.646Z] [unzip] Writing file: C:\Users\Lenovo\.cache\firebase\emulators\ui-v1.15.0\client\mstile-150x150.png
[debug] [2026-08-25T11:19:00.647Z] [unzip] Entry: client/assets/ (compressed_size=0 bytes, uncompressed_size=0 bytes)
[debug] [2026-08-25T11:19:00.647Z] [unzip] Processing entry: client\assets\
[debug] [2026-08-25T11:19:00.647Z] [unzip] mkdir: C:\Users\Lenovo\.cache\firebase\emulators\ui-v1.15.0\client\assets\
[debug] [2026-08-25T11:19:00.648Z] [unzip] Entry: client/assets/index-BX-A56oj.js (compressed_size=582089 bytes, uncompressed_size=2092775 bytes)
[debug] [2026-08-25T11:19:00.648Z] [unzip] Processing entry: client\assets\index-BX-A56oj.js
[debug] [2026-08-25T11:19:00.648Z] [unzip] else mkdir: C:\Users\Lenovo\.cache\firebase\emulators\ui-v1.15.0\client\assets
[debug] [2026-08-25T11:19:00.648Z] [unzip] deflating: C:\Users\Lenovo\.cache\firebase\emulators\ui-v1.15.0\client\assets\index-BX-A56oj.js
[debug] [2026-08-25T11:19:00.657Z] [unzip] Entry: client/assets/index-CjB9C900.css (compressed_size=35979 bytes, uncompressed_size=298654 bytes)
[debug] [2026-08-25T11:19:00.658Z] [unzip] Processing entry: client\assets\index-CjB9C900.css
[debug] [2026-08-25T11:19:00.658Z] [unzip] else mkdir: C:\Users\Lenovo\.cache\firebase\emulators\ui-v1.15.0\client\assets
[debug] [2026-08-25T11:19:00.658Z] [unzip] deflating: C:\Users\Lenovo\.cache\firebase\emulators\ui-v1.15.0\client\assets\index-CjB9C900.css
[debug] [2026-08-25T11:19:00.660Z] [unzip] Entry: client/assets/index-BX-A56oj.js.map (compressed_size=2362482 bytes, uncompressed_size=10036679 bytes)
[debug] [2026-08-25T11:19:00.660Z] [unzip] Processing entry: client\assets\index-BX-A56oj.js.map
[debug] [2026-08-25T11:19:00.660Z] [unzip] else mkdir: C:\Users\Lenovo\.cache\firebase\emulators\ui-v1.15.0\client\assets
[debug] [2026-08-25T11:19:00.660Z] [unzip] deflating: C:\Users\Lenovo\.cache\firebase\emulators\ui-v1.15.0\client\assets\index-BX-A56oj.js.map
[debug] [2026-08-25T11:19:00.698Z] [unzip] Entry: client/assets/extensions/ (compressed_size=0 bytes, uncompressed_size=0 bytes)
[debug] [2026-08-25T11:19:00.698Z] [unzip] Processing entry: client\assets\extensions\
[debug] [2026-08-25T11:19:00.698Z] [unzip] mkdir: C:\Users\Lenovo\.cache\firebase\emulators\ui-v1.15.0\client\assets\extensions\
[debug] [2026-08-25T11:19:00.699Z] [unzip] Entry: client/assets/extensions/default-extension.png (compressed_size=1646 bytes, uncompressed_size=1657 bytes)
[debug] [2026-08-25T11:19:00.699Z] [unzip] Processing entry: client\assets\extensions\default-extension.png
[debug] [2026-08-25T11:19:00.699Z] [unzip] else mkdir: C:\Users\Lenovo\.cache\firebase\emulators\ui-v1.15.0\client\assets\extensions
[debug] [2026-08-25T11:19:00.699Z] [unzip] deflating: C:\Users\Lenovo\.cache\firebase\emulators\ui-v1.15.0\client\assets\extensions\default-extension.png
[debug] [2026-08-25T11:19:00.700Z] [unzip] Entry: client/assets/img/ (compressed_size=0 bytes, uncompressed_size=0 bytes)
[debug] [2026-08-25T11:19:00.700Z] [unzip] Processing entry: client\assets\img\
[debug] [2026-08-25T11:19:00.700Z] [unzip] mkdir: C:\Users\Lenovo\.cache\firebase\emulators\ui-v1.15.0\client\assets\img\
[debug] [2026-08-25T11:19:00.701Z] [unzip] Entry: client/assets/img/database.png (compressed_size=29449 bytes, uncompressed_size=29988 bytes)
[debug] [2026-08-25T11:19:00.701Z] [unzip] Processing entry: client\assets\img\database.png
[debug] [2026-08-25T11:19:00.701Z] [unzip] else mkdir: C:\Users\Lenovo\.cache\firebase\emulators\ui-v1.15.0\client\assets\img
[debug] [2026-08-25T11:19:00.701Z] [unzip] deflating: C:\Users\Lenovo\.cache\firebase\emulators\ui-v1.15.0\client\assets\img\database.png
[debug] [2026-08-25T11:19:00.702Z] [unzip] Entry: client/assets/provider-icons/ (compressed_size=0 bytes, uncompressed_size=0 bytes)
[debug] [2026-08-25T11:19:00.702Z] [unzip] Processing entry: client\assets\provider-icons\
[debug] [2026-08-25T11:19:00.702Z] [unzip] mkdir: C:\Users\Lenovo\.cache\firebase\emulators\ui-v1.15.0\client\assets\provider-icons\
[debug] [2026-08-25T11:19:00.703Z] [unzip] Entry: client/assets/provider-icons/auth_service_saml.svg (compressed_size=575 bytes, uncompressed_size=1226 bytes)
[debug] [2026-08-25T11:19:00.703Z] [unzip] Processing entry: client\assets\provider-icons\auth_service_saml.svg
[debug] [2026-08-25T11:19:00.703Z] [unzip] else mkdir: C:\Users\Lenovo\.cache\firebase\emulators\ui-v1.15.0\client\assets\provider-icons
[debug] [2026-08-25T11:19:00.703Z] [unzip] deflating: C:\Users\Lenovo\.cache\firebase\emulators\ui-v1.15.0\client\assets\provider-icons\auth_service_saml.svg
[debug] [2026-08-25T11:19:00.704Z] [unzip] Entry: client/assets/provider-icons/auth_service_phone.svg (compressed_size=261 bytes, uncompressed_size=414 bytes)
[debug] [2026-08-25T11:19:00.705Z] [unzip] Processing entry: client\assets\provider-icons\auth_service_phone.svg
[debug] [2026-08-25T11:19:00.705Z] [unzip] else mkdir: C:\Users\Lenovo\.cache\firebase\emulators\ui-v1.15.0\client\assets\provider-icons
[debug] [2026-08-25T11:19:00.705Z] [unzip] deflating: C:\Users\Lenovo\.cache\firebase\emulators\ui-v1.15.0\client\assets\provider-icons\auth_service_phone.svg
[debug] [2026-08-25T11:19:00.706Z] [unzip] Entry: client/assets/provider-icons/auth_service_facebook.svg (compressed_size=289 bytes, uncompressed_size=457 bytes)
[debug] [2026-08-25T11:19:00.706Z] [unzip] Processing entry: client\assets\provider-icons\auth_service_facebook.svg
[debug] [2026-08-25T11:19:00.706Z] [unzip] else mkdir: C:\Users\Lenovo\.cache\firebase\emulators\ui-v1.15.0\client\assets\provider-icons
[debug] [2026-08-25T11:19:00.706Z] [unzip] deflating: C:\Users\Lenovo\.cache\firebase\emulators\ui-v1.15.0\client\assets\provider-icons\auth_service_facebook.svg
[debug] [2026-08-25T11:19:00.707Z] [unzip] Entry: client/assets/provider-icons/auth_service_game_center.svg (compressed_size=991 bytes, uncompressed_size=3921 bytes)
[debug] [2026-08-25T11:19:00.707Z] [unzip] Processing entry: client\assets\provider-icons\auth_service_game_center.svg
[debug] [2026-08-25T11:19:00.707Z] [unzip] else mkdir: C:\Users\Lenovo\.cache\firebase\emulators\ui-v1.15.0\client\assets\provider-icons
[debug] [2026-08-25T11:19:00.708Z] [unzip] deflating: C:\Users\Lenovo\.cache\firebase\emulators\ui-v1.15.0\client\assets\provider-icons\auth_service_game_center.svg
[debug] [2026-08-25T11:19:00.708Z] [unzip] Entry: client/assets/provider-icons/auth_service_apple.svg (compressed_size=230 bytes, uncompressed_size=334 bytes)
[debug] [2026-08-25T11:19:00.709Z] [unzip] Processing entry: client\assets\provider-icons\auth_service_apple.svg
[debug] [2026-08-25T11:19:00.709Z] [unzip] else mkdir: C:\Users\Lenovo\.cache\firebase\emulators\ui-v1.15.0\client\assets\provider-icons
[debug] [2026-08-25T11:19:00.709Z] [unzip] deflating: C:\Users\Lenovo\.cache\firebase\emulators\ui-v1.15.0\client\assets\provider-icons\auth_service_apple.svg
[debug] [2026-08-25T11:19:00.710Z] [unzip] Entry: client/assets/provider-icons/auth_service_github.svg (compressed_size=466 bytes, uncompressed_size=838 bytes)
[debug] [2026-08-25T11:19:00.710Z] [unzip] Processing entry: client\assets\provider-icons\auth_service_github.svg
[debug] [2026-08-25T11:19:00.710Z] [unzip] else mkdir: C:\Users\Lenovo\.cache\firebase\emulators\ui-v1.15.0\client\assets\provider-icons
[debug] [2026-08-25T11:19:00.711Z] [unzip] deflating: C:\Users\Lenovo\.cache\firebase\emulators\ui-v1.15.0\client\assets\provider-icons\auth_service_github.svg
[debug] [2026-08-25T11:19:00.712Z] [unzip] Entry: client/assets/provider-icons/auth_service_mslive.svg (compressed_size=203 bytes, uncompressed_size=378 bytes)
[debug] [2026-08-25T11:19:00.712Z] [unzip] Processing entry: client\assets\provider-icons\auth_service_mslive.svg
[debug] [2026-08-25T11:19:00.712Z] [unzip] else mkdir: C:\Users\Lenovo\.cache\firebase\emulators\ui-v1.15.0\client\assets\provider-icons
[debug] [2026-08-25T11:19:00.712Z] [unzip] deflating: C:\Users\Lenovo\.cache\firebase\emulators\ui-v1.15.0\client\assets\provider-icons\auth_service_mslive.svg
[debug] [2026-08-25T11:19:00.713Z] [unzip] Entry: client/assets/provider-icons/auth_service_yahoo.svg (compressed_size=577 bytes, uncompressed_size=1182 bytes)
[debug] [2026-08-25T11:19:00.713Z] [unzip] Processing entry: client\assets\provider-icons\auth_service_yahoo.svg
[debug] [2026-08-25T11:19:00.713Z] [unzip] else mkdir: C:\Users\Lenovo\.cache\firebase\emulators\ui-v1.15.0\client\assets\provider-icons
[debug] [2026-08-25T11:19:00.713Z] [unzip] deflating: C:\Users\Lenovo\.cache\firebase\emulators\ui-v1.15.0\client\assets\provider-icons\auth_service_yahoo.svg
[debug] [2026-08-25T11:19:00.714Z] [unzip] Entry: client/assets/provider-icons/auth_service_twitter.svg (compressed_size=444 bytes, uncompressed_size=751 bytes)
[debug] [2026-08-25T11:19:00.714Z] [unzip] Processing entry: client\assets\provider-icons\auth_service_twitter.svg
[debug] [2026-08-25T11:19:00.714Z] [unzip] else mkdir: C:\Users\Lenovo\.cache\firebase\emulators\ui-v1.15.0\client\assets\provider-icons
[debug] [2026-08-25T11:19:00.714Z] [unzip] deflating: C:\Users\Lenovo\.cache\firebase\emulators\ui-v1.15.0\client\assets\provider-icons\auth_service_twitter.svg
[debug] [2026-08-25T11:19:00.715Z] [unzip] Entry: client/assets/provider-icons/auth_service_play_games.svg (compressed_size=565 bytes, uncompressed_size=1173 bytes)
[debug] [2026-08-25T11:19:00.715Z] [unzip] Processing entry: client\assets\provider-icons\auth_service_play_games.svg
[debug] [2026-08-25T11:19:00.715Z] [unzip] else mkdir: C:\Users\Lenovo\.cache\firebase\emulators\ui-v1.15.0\client\assets\provider-icons
[debug] [2026-08-25T11:19:00.715Z] [unzip] deflating: C:\Users\Lenovo\.cache\firebase\emulators\ui-v1.15.0\client\assets\provider-icons\auth_service_play_games.svg
[debug] [2026-08-25T11:19:00.717Z] [unzip] Entry: client/assets/provider-icons/auth_service_email.svg (compressed_size=228 bytes, uncompressed_size=326 bytes)
[debug] [2026-08-25T11:19:00.717Z] [unzip] Processing entry: client\assets\provider-icons\auth_service_email.svg
[debug] [2026-08-25T11:19:00.717Z] [unzip] else mkdir: C:\Users\Lenovo\.cache\firebase\emulators\ui-v1.15.0\client\assets\provider-icons
[debug] [2026-08-25T11:19:00.717Z] [unzip] deflating: C:\Users\Lenovo\.cache\firebase\emulators\ui-v1.15.0\client\assets\provider-icons\auth_service_email.svg
[debug] [2026-08-25T11:19:00.718Z] [unzip] Entry: client/assets/provider-icons/auth_service_google.svg (compressed_size=409 bytes, uncompressed_size=720 bytes)
[debug] [2026-08-25T11:19:00.718Z] [unzip] Processing entry: client\assets\provider-icons\auth_service_google.svg
[debug] [2026-08-25T11:19:00.718Z] [unzip] else mkdir: C:\Users\Lenovo\.cache\firebase\emulators\ui-v1.15.0\client\assets\provider-icons
[debug] [2026-08-25T11:19:00.719Z] [unzip] deflating: C:\Users\Lenovo\.cache\firebase\emulators\ui-v1.15.0\client\assets\provider-icons\auth_service_google.svg
[debug] [2026-08-25T11:19:00.720Z] [unzip] Entry: client/assets/provider-icons/auth_service_oidc.svg (compressed_size=414 bytes, uncompressed_size=858 bytes)
[debug] [2026-08-25T11:19:00.720Z] [unzip] Processing entry: client\assets\provider-icons\auth_service_oidc.svg
[debug] [2026-08-25T11:19:00.720Z] [unzip] else mkdir: C:\Users\Lenovo\.cache\firebase\emulators\ui-v1.15.0\client\assets\provider-icons
[debug] [2026-08-25T11:19:00.720Z] [unzip] deflating: C:\Users\Lenovo\.cache\firebase\emulators\ui-v1.15.0\client\assets\provider-icons\auth_service_oidc.svg
[debug] [2026-08-25T11:19:00.721Z] [unzip] Entry: client/browserconfig.xml (compressed_size=491 bytes, uncompressed_size=822 bytes)
[debug] [2026-08-25T11:19:00.721Z] [unzip] Processing entry: client\browserconfig.xml
[debug] [2026-08-25T11:19:00.721Z] [unzip] else mkdir: C:\Users\Lenovo\.cache\firebase\emulators\ui-v1.15.0\client
[debug] [2026-08-25T11:19:00.721Z] [unzip] deflating: C:\Users\Lenovo\.cache\firebase\emulators\ui-v1.15.0\client\browserconfig.xml
[debug] [2026-08-25T11:19:00.722Z] [unzip] Entry: client/favicon-32x32.png (compressed_size=475 bytes, uncompressed_size=475 bytes)
[debug] [2026-08-25T11:19:00.722Z] [unzip] Processing entry: client\favicon-32x32.png
[debug] [2026-08-25T11:19:00.722Z] [unzip] else mkdir: C:\Users\Lenovo\.cache\firebase\emulators\ui-v1.15.0\client
[debug] [2026-08-25T11:19:00.722Z] [unzip] Writing file: C:\Users\Lenovo\.cache\firebase\emulators\ui-v1.15.0\client\favicon-32x32.png
[debug] [2026-08-25T11:19:00.723Z] [unzip] Entry: server/ (compressed_size=0 bytes, uncompressed_size=0 bytes)
[debug] [2026-08-25T11:19:00.723Z] [unzip] Processing entry: server\
[debug] [2026-08-25T11:19:00.723Z] [unzip] mkdir: C:\Users\Lenovo\.cache\firebase\emulators\ui-v1.15.0\server\
[debug] [2026-08-25T11:19:00.724Z] [unzip] Entry: server/server.mjs.map (compressed_size=217845 bytes, uncompressed_size=944978 bytes)
[debug] [2026-08-25T11:19:00.724Z] [unzip] Processing entry: server\server.mjs.map
[debug] [2026-08-25T11:19:00.724Z] [unzip] else mkdir: C:\Users\Lenovo\.cache\firebase\emulators\ui-v1.15.0\server
[debug] [2026-08-25T11:19:00.724Z] [unzip] deflating: C:\Users\Lenovo\.cache\firebase\emulators\ui-v1.15.0\server\server.mjs.map
[debug] [2026-08-25T11:19:00.728Z] [unzip] Entry: server/server.mjs (compressed_size=276407 bytes, uncompressed_size=933701 bytes)
[debug] [2026-08-25T11:19:00.728Z] [unzip] Processing entry: server\server.mjs
[debug] [2026-08-25T11:19:00.728Z] [unzip] else mkdir: C:\Users\Lenovo\.cache\firebase\emulators\ui-v1.15.0\server
[debug] [2026-08-25T11:19:00.729Z] [unzip] deflating: C:\Users\Lenovo\.cache\firebase\emulators\ui-v1.15.0\server\server.mjs
[debug] [2026-08-25T11:19:00.741Z] Could not find VSCode notification endpoint: TypeError: fetch failed. If you are not running the Firebase SQL Connect VSCode extension, this is expected and not an issue.
[info] 
┌─────────────────────────────────────────────────────────────┐
│ ✔  All emulators ready! It is now safe to connect your app. │
│ i  View Emulator UI at http://127.0.0.1:4000/               │
└─────────────────────────────────────────────────────────────┘

┌───────────┬────────────────┬─────────────────────────────────┐
│ Emulator  │ Host:Port      │ View in Emulator UI             │
├───────────┼────────────────┼─────────────────────────────────┤
│ Firestore │ 127.0.0.1:8080 │ http://127.0.0.1:4000/firestore │
└───────────┴────────────────┴─────────────────────────────────┘
  Emulator Hub host: 127.0.0.1 port: 4400
  Other reserved ports: 4500, 9150

Issues? Report them at https://github.com/firebase/firebase-tools/issues and attach the *-debug.log files.
 
[debug] [2026-08-25T11:19:09.277Z] Aug 25, 2026 7:19:09 PM io.gapi.emulators.netty.HttpVersionRoutingHandler channelRead
INFO: Detected non-HTTP/2 connection.
 {"metadata":{"emulator":{"name":"firestore"},"message":"Aug 25, 2026 7:19:09 PM io.gapi.emulators.netty.HttpVersionRoutingHandler channelRead\r\nINFO: Detected non-HTTP/2 connection.\r\n"}}
[debug] [2026-08-25T11:19:09.459Z] Aug 25, 2026 7:19:09 PM io.gapi.emulators.netty.HttpVersionRoutingHandler channelRead
INFO: Detected HTTP/2 connection.
 {"metadata":{"emulator":{"name":"firestore"},"message":"Aug 25, 2026 7:19:09 PM io.gapi.emulators.netty.HttpVersionRoutingHandler channelRead\r\nINFO: Detected HTTP/2 connection.\r\n"}}
[debug] [2026-08-25T11:19:10.202Z] Aug 25, 2026 7:19:10 PM io.gapi.emulators.netty.HttpVersionRoutingHandler channelRead
INFO: Detected non-HTTP/2 connection.
 {"metadata":{"emulator":{"name":"firestore"},"message":"Aug 25, 2026 7:19:10 PM io.gapi.emulators.netty.HttpVersionRoutingHandler channelRead\r\nINFO: Detected non-HTTP/2 connection.\r\n"}}
[debug] [2026-08-25T11:19:10.286Z] Aug 25, 2026 7:19:10 PM io.gapi.emulators.netty.HttpVersionRoutingHandler channelRead
INFO: Detected HTTP/2 connection.
 {"metadata":{"emulator":{"name":"firestore"},"message":"Aug 25, 2026 7:19:10 PM io.gapi.emulators.netty.HttpVersionRoutingHandler channelRead\r\nINFO: Detected HTTP/2 connection.\r\n"}}
[debug] [2026-08-25T11:19:10.544Z] Aug 25, 2026 7:19:10 PM com.google.cloud.datastore.emulator.impl.util.WrappedStreamObserver onError
WARNING: Operation failed: 
false for 'create' @ L26, false for 'update' @ L26
com.google.cloud.datastore.core.exception.DatastoreException: 
false for 'create' @ L26, false for 'update' @ L26
	at com.google.cloud.datastore.core.exception.DatastoreException$Builder.build(DatastoreException.java:152)
	at com.google.cloud.datastore.emulator.impl.rules.DefaultEmulatorRulesAuthorizer.verboseError(DefaultEmulatorRulesAuthorizer.java:349)
	at com.google.cloud.datastore.emulator.impl.rules.DefaultEmulatorRulesAuthorizer.withVerboseErrors(DefaultEmulatorRulesAuthorizer.java:326)
	at com.google.cloud.datastore.emulator.impl.rules.DefaultEmulatorRulesAuthorizer.checkCommit(DefaultEmulatorRulesAuthorizer.java:113)
	at com.google.cloud.datastore.emulator.impl.firestore.FirestoreEmulatorHelper.commitHelper(FirestoreEmulatorHelper.java:407)
	at com.google.cloud.datastore.emulator.impl.firestore.FirestoreEmulatorHelper.internalCommit(FirestoreEmulatorHelper.java:348)
	at com.google.cloud.datastore.emulator.impl.firestore.CloudFirestoreV1.internalCommit(CloudFirestoreV1.java:1336)
	at com.google.cloud.datastore.emulator.impl.firestore.CloudFirestoreV1.write(CloudFirestoreV1.java:1321)
	at com.google.cloud.datastore.emulator.impl.firestore.CloudFirestoreV1WriteStream.handleRequest(CloudFirestoreV1WriteStream.java:222)
	at com.google.cloud.datastore.emulator.impl.firestore.CloudFirestoreV1WriteStream.write(CloudFirestoreV1WriteStream.java:144)
	at com.google.cloud.datastore.emulator.impl.firestore.CloudFirestoreV1WriteStream.onNext(CloudFirestoreV1WriteStream.java:99)
	at com.google.cloud.datastore.emulator.impl.firestore.CloudFirestoreV1WriteStream.onNext(CloudFirestoreV1WriteStream.java:27)
	at io.grpc.stub.ServerCalls$StreamingServerCallHandler$StreamingServerCallListener.onMessage(ServerCalls.java:262)
	at io.grpc.ForwardingServerCallListener.onMessage(ForwardingServerCallListener.java:33)
	at io.grpc.Contexts$ContextualizedServerCallListener.onMessage(Contexts.java:76)
	at io.grpc.ForwardingServerCallListener.onMessage(ForwardingServerCallListener.java:33)
	at io.grpc.Contexts$ContextualizedServerCallListener.onMessage(Contexts.java:76)
	at io.grpc.internal.ServerCallImpl$ServerStreamListenerImpl.messagesAvailableInternal(ServerCallImpl.java:334)
	at io.grpc.internal.ServerCallImpl$ServerStreamListenerImpl.messagesAvailable(ServerCallImpl.java:319)
	at io.grpc.internal.ServerImpl$JumpToApplicationThreadServerStreamListener$1MessagesAvailable.runInContext(ServerImpl.java:852)
	at io.grpc.internal.ContextRunnable.run(ContextRunnable.java:37)
	at io.grpc.internal.SerializingExecutor.run(SerializingExecutor.java:133)
	at java.base/java.util.concurrent.ThreadPoolExecutor.runWorker(ThreadPoolExecutor.java:1090)
	at java.base/java.util.concurrent.ThreadPoolExecutor$Worker.run(ThreadPoolExecutor.java:614)
	at java.base/java.lang.Thread.run(Thread.java:1474)

 {"metadata":{"emulator":{"name":"firestore"},"message":"Aug 25, 2026 7:19:10 PM com.google.cloud.datastore.emulator.impl.util.WrappedStreamObserver onError\r\nWARNING: Operation failed: \nfalse for 'create' @ L26, false for 'update' @ L26\r\ncom.google.cloud.datastore.core.exception.DatastoreException: \nfalse for 'create' @ L26, false for 'update' @ L26\r\n\tat com.google.cloud.datastore.core.exception.DatastoreException$Builder.build(DatastoreException.java:152)\r\n\tat com.google.cloud.datastore.emulator.impl.rules.DefaultEmulatorRulesAuthorizer.verboseError(DefaultEmulatorRulesAuthorizer.java:349)\r\n\tat com.google.cloud.datastore.emulator.impl.rules.DefaultEmulatorRulesAuthorizer.withVerboseErrors(DefaultEmulatorRulesAuthorizer.java:326)\r\n\tat com.google.cloud.datastore.emulator.impl.rules.DefaultEmulatorRulesAuthorizer.checkCommit(DefaultEmulatorRulesAuthorizer.java:113)\r\n\tat com.google.cloud.datastore.emulator.impl.firestore.FirestoreEmulatorHelper.commitHelper(FirestoreEmulatorHelper.java:407)\r\n\tat com.google.cloud.datastore.emulator.impl.firestore.FirestoreEmulatorHelper.internalCommit(FirestoreEmulatorHelper.java:348)\r\n\tat com.google.cloud.datastore.emulator.impl.firestore.CloudFirestoreV1.internalCommit(CloudFirestoreV1.java:1336)\r\n\tat com.google.cloud.datastore.emulator.impl.firestore.CloudFirestoreV1.write(CloudFirestoreV1.java:1321)\r\n\tat com.google.cloud.datastore.emulator.impl.firestore.CloudFirestoreV1WriteStream.handleRequest(CloudFirestoreV1WriteStream.java:222)\r\n\tat com.google.cloud.datastore.emulator.impl.firestore.CloudFirestoreV1WriteStream.write(CloudFirestoreV1WriteStream.java:144)\r\n\tat com.google.cloud.datastore.emulator.impl.firestore.CloudFirestoreV1WriteStream.onNext(CloudFirestoreV1WriteStream.java:99)\r\n\tat com.google.cloud.datastore.emulator.impl.firestore.CloudFirestoreV1WriteStream.onNext(CloudFirestoreV1WriteStream.java:27)\r\n\tat io.grpc.stub.ServerCalls$StreamingServerCallHandler$StreamingServerCallListener.onMessage(ServerCalls.java:262)\r\n\tat io.grpc.ForwardingServerCallListener.onMessage(ForwardingServerCallListener.java:33)\r\n\tat io.grpc.Contexts$ContextualizedServerCallListener.onMessage(Contexts.java:76)\r\n\tat io.grpc.ForwardingServerCallListener.onMessage(ForwardingServerCallListener.java:33)\r\n\tat io.grpc.Contexts$ContextualizedServerCallListener.onMessage(Contexts.java:76)\r\n\tat io.grpc.internal.ServerCallImpl$ServerStreamListenerImpl.messagesAvailableInternal(ServerCallImpl.java:334)\r\n\tat io.grpc.internal.ServerCallImpl$ServerStreamListenerImpl.messagesAvailable(ServerCallImpl.java:319)\r\n\tat io.grpc.internal.ServerImpl$JumpToApplicationThreadServerStreamListener$1MessagesAvailable.runInContext(ServerImpl.java:852)\r\n\tat io.grpc.internal.ContextRunnable.run(ContextRunnable.java:37)\r\n\tat io.grpc.internal.SerializingExecutor.run(SerializingExecutor.java:133)\r\n\tat java.base/java.util.concurrent.ThreadPoolExecutor.runWorker(ThreadPoolExecutor.java:1090)\r\n\tat java.base/java.util.concurrent.ThreadPoolExecutor$Worker.run(ThreadPoolExecutor.java:614)\r\n\tat java.base/java.lang.Thread.run(Thread.java:1474)\r\n\r\n"}}
[debug] [2026-08-25T11:19:10.785Z] Aug 25, 2026 7:19:10 PM com.google.cloud.datastore.emulator.impl.util.WrappedStreamObserver onError
WARNING: Operation failed: 
evaluation error at L37:24 for 'create' @ L37, evaluation error at L55:24 for 'update' @ L55, false for 'create' @ L37
com.google.cloud.datastore.core.exception.DatastoreException: 
evaluation error at L37:24 for 'create' @ L37, evaluation error at L55:24 for 'update' @ L55, false for 'create' @ L37
	at com.google.cloud.datastore.core.exception.DatastoreException$Builder.build(DatastoreException.java:152)
	at com.google.cloud.datastore.emulator.impl.rules.DefaultEmulatorRulesAuthorizer.verboseError(DefaultEmulatorRulesAuthorizer.java:349)
	at com.google.cloud.datastore.emulator.impl.rules.DefaultEmulatorRulesAuthorizer.withVerboseErrors(DefaultEmulatorRulesAuthorizer.java:326)
	at com.google.cloud.datastore.emulator.impl.rules.DefaultEmulatorRulesAuthorizer.checkCommit(DefaultEmulatorRulesAuthorizer.java:113)
	at com.google.cloud.datastore.emulator.impl.firestore.FirestoreEmulatorHelper.commitHelper(FirestoreEmulatorHelper.java:407)
	at com.google.cloud.datastore.emulator.impl.firestore.FirestoreEmulatorHelper.internalCommit(FirestoreEmulatorHelper.java:348)
	at com.google.cloud.datastore.emulator.impl.firestore.CloudFirestoreV1.internalCommit(CloudFirestoreV1.java:1336)
	at com.google.cloud.datastore.emulator.impl.firestore.CloudFirestoreV1.write(CloudFirestoreV1.java:1321)
	at com.google.cloud.datastore.emulator.impl.firestore.CloudFirestoreV1WriteStream.handleRequest(CloudFirestoreV1WriteStream.java:222)
	at com.google.cloud.datastore.emulator.impl.firestore.CloudFirestoreV1WriteStream.write(CloudFirestoreV1WriteStream.java:144)
	at com.google.cloud.datastore.emulator.impl.firestore.CloudFirestoreV1WriteStream.onNext(CloudFirestoreV1WriteStream.java:99)
	at com.google.cloud.datastore.emulator.impl.firestore.CloudFirestoreV1WriteStream.onNext(CloudFirestoreV1WriteStream.java:27)
	at io.grpc.stub.ServerCalls$StreamingServerCallHandler$StreamingServerCallListener.onMessage(ServerCalls.java:262)
	at io.grpc.ForwardingServerCallListener.onMessage(ForwardingServerCallListener.java:33)
	at io.grpc.Contexts$ContextualizedServerCallListener.onMessage(Contexts.java:76)
	at io.grpc.ForwardingServerCallListener.onMessage(ForwardingServerCallListener.java:33)
	at io.grpc.Contexts$ContextualizedServerCallListener.onMessage(Contexts.java:76)
	at io.grpc.internal.ServerCallImpl$ServerStreamListenerImpl.messagesAvailableInternal(ServerCallImpl.java:334)
	at io.grpc.internal.ServerCallImpl$ServerStreamListenerImpl.messagesAvailable(ServerCallImpl.java:319)
	at io.grpc.internal.ServerImpl$JumpToApplicationThreadServerStreamListener$1MessagesAvailable.runInContext(ServerImpl.java:852)
	at io.grpc.internal.ContextRunnable.run(ContextRunnable.java:37)
	at io.grpc.internal.SerializingExecutor.run(SerializingExecutor.java:133)
	at java.base/java.util.concurrent.ThreadPoolExecutor.runWorker(ThreadPoolExecutor.java:1090)
	at java.base/java.util.concurrent.ThreadPoolExecutor$Worker.run(ThreadPoolExecutor.java:614)
	at java.base/java.lang.Thread.run(Thread.java:1474)

 {"metadata":{"emulator":{"name":"firestore"},"message":"Aug 25, 2026 7:19:10 PM com.google.cloud.datastore.emulator.impl.util.WrappedStreamObserver onError\r\nWARNING: Operation failed: \nevaluation error at L37:24 for 'create' @ L37, evaluation error at L55:24 for 'update' @ L55, false for 'create' @ L37\r\ncom.google.cloud.datastore.core.exception.DatastoreException: \nevaluation error at L37:24 for 'create' @ L37, evaluation error at L55:24 for 'update' @ L55, false for 'create' @ L37\r\n\tat com.google.cloud.datastore.core.exception.DatastoreException$Builder.build(DatastoreException.java:152)\r\n\tat com.google.cloud.datastore.emulator.impl.rules.DefaultEmulatorRulesAuthorizer.verboseError(DefaultEmulatorRulesAuthorizer.java:349)\r\n\tat com.google.cloud.datastore.emulator.impl.rules.DefaultEmulatorRulesAuthorizer.withVerboseErrors(DefaultEmulatorRulesAuthorizer.java:326)\r\n\tat com.google.cloud.datastore.emulator.impl.rules.DefaultEmulatorRulesAuthorizer.checkCommit(DefaultEmulatorRulesAuthorizer.java:113)\r\n\tat com.google.cloud.datastore.emulator.impl.firestore.FirestoreEmulatorHelper.commitHelper(FirestoreEmulatorHelper.java:407)\r\n\tat com.google.cloud.datastore.emulator.impl.firestore.FirestoreEmulatorHelper.internalCommit(FirestoreEmulatorHelper.java:348)\r\n\tat com.google.cloud.datastore.emulator.impl.firestore.CloudFirestoreV1.internalCommit(CloudFirestoreV1.java:1336)\r\n\tat com.google.cloud.datastore.emulator.impl.firestore.CloudFirestoreV1.write(CloudFirestoreV1.java:1321)\r\n\tat com.google.cloud.datastore.emulator.impl.firestore.CloudFirestoreV1WriteStream.handleRequest(CloudFirestoreV1WriteStream.java:222)\r\n\tat com.google.cloud.datastore.emulator.impl.firestore.CloudFirestoreV1WriteStream.write(CloudFirestoreV1WriteStream.java:144)\r\n\tat com.google.cloud.datastore.emulator.impl.firestore.CloudFirestoreV1WriteStream.onNext(CloudFirestoreV1WriteStream.java:99)\r\n\tat com.google.cloud.datastore.emulator.impl.firestore.CloudFirestoreV1WriteStream.onNext(CloudFirestoreV1WriteStream.java:27)\r\n\tat io.grpc.stub.ServerCalls$StreamingServerCallHandler$StreamingServerCallListener.onMessage(ServerCalls.java:262)\r\n\tat io.grpc.ForwardingServerCallListener.onMessage(ForwardingServerCallListener.java:33)\r\n\tat io.grpc.Contexts$ContextualizedServerCallListener.onMessage(Contexts.java:76)\r\n\tat io.grpc.ForwardingServerCallListener.onMessage(ForwardingServerCallListener.java:33)\r\n\tat io.grpc.Contexts$ContextualizedServerCallListener.onMessage(Contexts.java:76)\r\n\tat io.grpc.internal.ServerCallImpl$ServerStreamListenerImpl.messagesAvailableInternal(ServerCallImpl.java:334)\r\n\tat io.grpc.internal.ServerCallImpl$ServerStreamListenerImpl.messagesAvailable(ServerCallImpl.java:319)\r\n\tat io.grpc.internal.ServerImpl$JumpToApplicationThreadServerStreamListener$1MessagesAvailable.runInContext(ServerImpl.java:852)\r\n\tat io.grpc.internal.ContextRunnable.run(ContextRunnable.java:37)\r\n\tat io.grpc.internal.SerializingExecutor.run(SerializingExecutor.java:133)\r\n\tat java.base/java.util.concurrent.ThreadPoolExecutor.runWorker(ThreadPoolExecutor.java:1090)\r\n\tat java.base/java.util.concurrent.ThreadPoolExecutor$Worker.run(ThreadPoolExecutor.java:614)\r\n\tat java.base/java.lang.Thread.run(Thread.java:1474)\r\n\r\n"}}
[debug] [2026-08-25T11:19:10.836Z] Aug 25, 2026 7:19:10 PM com.google.cloud.datastore.emulator.impl.util.WrappedStreamObserver onError
WARNING: Operation failed: 
false for 'create' @ L37, evaluation error at L55:24 for 'update' @ L55, false for 'create' @ L37
com.google.cloud.datastore.core.exception.DatastoreException: 
false for 'create' @ L37, evaluation error at L55:24 for 'update' @ L55, false for 'create' @ L37
	at com.google.cloud.datastore.core.exception.DatastoreException$Builder.build(DatastoreException.java:152)
	at com.google.cloud.datastore.emulator.impl.rules.DefaultEmulatorRulesAuthorizer.verboseError(DefaultEmulatorRulesAuthorizer.java:349)
	at com.google.cloud.datastore.emulator.impl.rules.DefaultEmulatorRulesAuthorizer.withVerboseErrors(DefaultEmulatorRulesAuthorizer.java:326)
	at com.google.cloud.datastore.emulator.impl.rules.DefaultEmulatorRulesAuthorizer.checkCommit(DefaultEmulatorRulesAuthorizer.java:113)
	at com.google.cloud.datastore.emulator.impl.firestore.FirestoreEmulatorHelper.commitHelper(FirestoreEmulatorHelper.java:407)
	at com.google.cloud.datastore.emulator.impl.firestore.FirestoreEmulatorHelper.internalCommit(FirestoreEmulatorHelper.java:348)
	at com.google.cloud.datastore.emulator.impl.firestore.CloudFirestoreV1.internalCommit(CloudFirestoreV1.java:1336)
	at com.google.cloud.datastore.emulator.impl.firestore.CloudFirestoreV1.write(CloudFirestoreV1.java:1321)
	at com.google.cloud.datastore.emulator.impl.firestore.CloudFirestoreV1WriteStream.handleRequest(CloudFirestoreV1WriteStream.java:222)
	at com.google.cloud.datastore.emulator.impl.firestore.CloudFirestoreV1WriteStream.write(CloudFirestoreV1WriteStream.java:144)
	at com.google.cloud.datastore.emulator.impl.firestore.CloudFirestoreV1WriteStream.onNext(CloudFirestoreV1WriteStream.java:99)
	at com.google.cloud.datastore.emulator.impl.firestore.CloudFirestoreV1WriteStream.onNext(CloudFirestoreV1WriteStream.java:27)
	at io.grpc.stub.ServerCalls$StreamingServerCallHandler$StreamingServerCallListener.onMessage(ServerCalls.java:262)
	at io.grpc.ForwardingServerCallListener.onMessage(ForwardingServerCallListener.java:33)
	at io.grpc.Contexts$ContextualizedServerCallListener.onMessage(Contexts.java:76)
	at io.grpc.ForwardingServerCallListener.onMessage(ForwardingServerCallListener.java:33)
	at io.grpc.Contexts$ContextualizedServerCallListener.onMessage(Contexts.java:76)
	at io.grpc.internal.ServerCallImpl$ServerStreamListenerImpl.messagesAvailableInternal(ServerCallImpl.java:334)
	at io.grpc.internal.ServerCallImpl$ServerStreamListenerImpl.messagesAvailable(ServerCallImpl.java:319)
	at io.grpc.internal.ServerImpl$JumpToApplicationThreadServerStreamListener$1MessagesAvailable.runInContext(ServerImpl.java:852)
	at io.grpc.internal.ContextRunnable.run(ContextRunnable.java:37)
	at io.grpc.internal.SerializingExecutor.run(SerializingExecutor.java:133)
	at java.base/java.util.concurrent.ThreadPoolExecutor.runWorker(ThreadPoolExecutor.java:1090)
	at java.base/java.util.concurrent.ThreadPoolExecutor$Worker.run(ThreadPoolExecutor.java:614)
	at java.base/java.lang.Thread.run(Thread.java:1474)

 {"metadata":{"emulator":{"name":"firestore"},"message":"Aug 25, 2026 7:19:10 PM com.google.cloud.datastore.emulator.impl.util.WrappedStreamObserver onError\r\nWARNING: Operation failed: \nfalse for 'create' @ L37, evaluation error at L55:24 for 'update' @ L55, false for 'create' @ L37\r\ncom.google.cloud.datastore.core.exception.DatastoreException: \nfalse for 'create' @ L37, evaluation error at L55:24 for 'update' @ L55, false for 'create' @ L37\r\n\tat com.google.cloud.datastore.core.exception.DatastoreException$Builder.build(DatastoreException.java:152)\r\n\tat com.google.cloud.datastore.emulator.impl.rules.DefaultEmulatorRulesAuthorizer.verboseError(DefaultEmulatorRulesAuthorizer.java:349)\r\n\tat com.google.cloud.datastore.emulator.impl.rules.DefaultEmulatorRulesAuthorizer.withVerboseErrors(DefaultEmulatorRulesAuthorizer.java:326)\r\n\tat com.google.cloud.datastore.emulator.impl.rules.DefaultEmulatorRulesAuthorizer.checkCommit(DefaultEmulatorRulesAuthorizer.java:113)\r\n\tat com.google.cloud.datastore.emulator.impl.firestore.FirestoreEmulatorHelper.commitHelper(FirestoreEmulatorHelper.java:407)\r\n\tat com.google.cloud.datastore.emulator.impl.firestore.FirestoreEmulatorHelper.internalCommit(FirestoreEmulatorHelper.java:348)\r\n\tat com.google.cloud.datastore.emulator.impl.firestore.CloudFirestoreV1.internalCommit(CloudFirestoreV1.java:1336)\r\n\tat com.google.cloud.datastore.emulator.impl.firestore.CloudFirestoreV1.write(CloudFirestoreV1.java:1321)\r\n\tat com.google.cloud.datastore.emulator.impl.firestore.CloudFirestoreV1WriteStream.handleRequest(CloudFirestoreV1WriteStream.java:222)\r\n\tat com.google.cloud.datastore.emulator.impl.firestore.CloudFirestoreV1WriteStream.write(CloudFirestoreV1WriteStream.java:144)\r\n\tat com.google.cloud.datastore.emulator.impl.firestore.CloudFirestoreV1WriteStream.onNext(CloudFirestoreV1WriteStream.java:99)\r\n\tat com.google.cloud.datastore.emulator.impl.firestore.CloudFirestoreV1WriteStream.onNext(CloudFirestoreV1WriteStream.java:27)\r\n\tat io.grpc.stub.ServerCalls$StreamingServerCallHandler$StreamingServerCallListener.onMessage(ServerCalls.java:262)\r\n\tat io.grpc.ForwardingServerCallListener.onMessage(ForwardingServerCallListener.java:33)\r\n\tat io.grpc.Contexts$ContextualizedServerCallListener.onMessage(Contexts.java:76)\r\n\tat io.grpc.ForwardingServerCallListener.onMessage(ForwardingServerCallListener.java:33)\r\n\tat io.grpc.Contexts$ContextualizedServerCallListener.onMessage(Contexts.java:76)\r\n\tat io.grpc.internal.ServerCallImpl$ServerStreamListenerImpl.messagesAvailableInternal(ServerCallImpl.java:334)\r\n\tat io.grpc.internal.ServerCallImpl$ServerStreamListenerImpl.messagesAvailable(ServerCallImpl.java:319)\r\n\tat io.grpc.internal.ServerImpl$JumpToApplicationThreadServerStreamListener$1MessagesAvailable.runInContext(ServerImpl.java:852)\r\n\tat io.grpc.internal.ContextRunnable.run(ContextRunnable.java:37)\r\n\tat io.grpc.internal.SerializingExecutor.run(SerializingExecutor.java:133)\r\n\tat java.base/java.util.concurrent.ThreadPoolExecutor.runWorker(ThreadPoolExecutor.java:1090)\r\n\tat java.base/java.util.concurrent.ThreadPoolExecutor$Worker.run(ThreadPoolExecutor.java:614)\r\n\tat java.base/java.lang.Thread.run(Thread.java:1474)\r\n\r\n"}}
[debug] [2026-08-25T11:19:10.996Z] Aug 25, 2026 7:19:10 PM com.google.cloud.datastore.emulator.impl.util.WrappedStreamObserver onError
WARNING: Operation failed: 
evaluation error at L55:24 for 'update' @ L55, false for 'update' @ L55
com.google.cloud.datastore.core.exception.DatastoreException: 
evaluation error at L55:24 for 'update' @ L55, false for 'update' @ L55
	at com.google.cloud.datastore.core.exception.DatastoreException$Builder.build(DatastoreException.java:152)
	at com.google.cloud.datastore.emulator.impl.rules.DefaultEmulatorRulesAuthorizer.verboseError(DefaultEmulatorRulesAuthorizer.java:349)
	at com.google.cloud.datastore.emulator.impl.rules.DefaultEmulatorRulesAuthorizer.withVerboseErrors(DefaultEmulatorRulesAuthorizer.java:326)
	at com.google.cloud.datastore.emulator.impl.rules.DefaultEmulatorRulesAuthorizer.checkCommit(DefaultEmulatorRulesAuthorizer.java:113)
	at com.google.cloud.datastore.emulator.impl.firestore.FirestoreEmulatorHelper.commitHelper(FirestoreEmulatorHelper.java:407)
	at com.google.cloud.datastore.emulator.impl.firestore.FirestoreEmulatorHelper.internalCommit(FirestoreEmulatorHelper.java:348)
	at com.google.cloud.datastore.emulator.impl.firestore.CloudFirestoreV1.internalCommit(CloudFirestoreV1.java:1336)
	at com.google.cloud.datastore.emulator.impl.firestore.CloudFirestoreV1.write(CloudFirestoreV1.java:1321)
	at com.google.cloud.datastore.emulator.impl.firestore.CloudFirestoreV1WriteStream.handleRequest(CloudFirestoreV1WriteStream.java:222)
	at com.google.cloud.datastore.emulator.impl.firestore.CloudFirestoreV1WriteStream.write(CloudFirestoreV1WriteStream.java:144)
	at com.google.cloud.datastore.emulator.impl.firestore.CloudFirestoreV1WriteStream.onNext(CloudFirestoreV1WriteStream.java:99)
	at com.google.cloud.datastore.emulator.impl.firestore.CloudFirestoreV1WriteStream.onNext(CloudFirestoreV1WriteStream.java:27)
	at io.grpc.stub.ServerCalls$StreamingServerCallHandler$StreamingServerCallListener.onMessage(ServerCalls.java:262)
	at io.grpc.ForwardingServerCallListener.onMessage(ForwardingServerCallListener.java:33)
	at io.grpc.Contexts$ContextualizedServerCallListener.onMessage(Contexts.java:76)
	at io.grpc.ForwardingServerCallListener.onMessage(ForwardingServerCallListener.java:33)
	at io.grpc.Contexts$ContextualizedServerCallListener.onMessage(Contexts.java:76)
	at io.grpc.internal.ServerCallImpl$ServerStreamListenerImpl.messagesAvailableInternal(ServerCallImpl.java:334)
	at io.grpc.internal.ServerCallImpl$ServerStreamListenerImpl.messagesAvailable(ServerCallImpl.java:319)
	at io.grpc.internal.ServerImpl$JumpToApplicationThreadServerStreamListener$1MessagesAvailable.runInContext(ServerImpl.java:852)
	at io.grpc.internal.ContextRunnable.run(ContextRunnable.java:37)
	at io.grpc.internal.SerializingExecutor.run(SerializingExecutor.java:133)
	at java.base/java.util.concurrent.ThreadPoolExecutor.runWorker(ThreadPoolExecutor.java:1090)
	at java.base/java.util.concurrent.ThreadPoolExecutor$Worker.run(ThreadPoolExecutor.java:614)
	at java.base/java.lang.Thread.run(Thread.java:1474)

 {"metadata":{"emulator":{"name":"firestore"},"message":"Aug 25, 2026 7:19:10 PM com.google.cloud.datastore.emulator.impl.util.WrappedStreamObserver onError\r\nWARNING: Operation failed: \nevaluation error at L55:24 for 'update' @ L55, false for 'update' @ L55\r\ncom.google.cloud.datastore.core.exception.DatastoreException: \nevaluation error at L55:24 for 'update' @ L55, false for 'update' @ L55\r\n\tat com.google.cloud.datastore.core.exception.DatastoreException$Builder.build(DatastoreException.java:152)\r\n\tat com.google.cloud.datastore.emulator.impl.rules.DefaultEmulatorRulesAuthorizer.verboseError(DefaultEmulatorRulesAuthorizer.java:349)\r\n\tat com.google.cloud.datastore.emulator.impl.rules.DefaultEmulatorRulesAuthorizer.withVerboseErrors(DefaultEmulatorRulesAuthorizer.java:326)\r\n\tat com.google.cloud.datastore.emulator.impl.rules.DefaultEmulatorRulesAuthorizer.checkCommit(DefaultEmulatorRulesAuthorizer.java:113)\r\n\tat com.google.cloud.datastore.emulator.impl.firestore.FirestoreEmulatorHelper.commitHelper(FirestoreEmulatorHelper.java:407)\r\n\tat com.google.cloud.datastore.emulator.impl.firestore.FirestoreEmulatorHelper.internalCommit(FirestoreEmulatorHelper.java:348)\r\n\tat com.google.cloud.datastore.emulator.impl.firestore.CloudFirestoreV1.internalCommit(CloudFirestoreV1.java:1336)\r\n\tat com.google.cloud.datastore.emulator.impl.firestore.CloudFirestoreV1.write(CloudFirestoreV1.java:1321)\r\n\tat com.google.cloud.datastore.emulator.impl.firestore.CloudFirestoreV1WriteStream.handleRequest(CloudFirestoreV1WriteStream.java:222)\r\n\tat com.google.cloud.datastore.emulator.impl.firestore.CloudFirestoreV1WriteStream.write(CloudFirestoreV1WriteStream.java:144)\r\n\tat com.google.cloud.datastore.emulator.impl.firestore.CloudFirestoreV1WriteStream.onNext(CloudFirestoreV1WriteStream.java:99)\r\n\tat com.google.cloud.datastore.emulator.impl.firestore.CloudFirestoreV1WriteStream.onNext(CloudFirestoreV1WriteStream.java:27)\r\n\tat io.grpc.stub.ServerCalls$StreamingServerCallHandler$StreamingServerCallListener.onMessage(ServerCalls.java:262)\r\n\tat io.grpc.ForwardingServerCallListener.onMessage(ForwardingServerCallListener.java:33)\r\n\tat io.grpc.Contexts$ContextualizedServerCallListener.onMessage(Contexts.java:76)\r\n\tat io.grpc.ForwardingServerCallListener.onMessage(ForwardingServerCallListener.java:33)\r\n\tat io.grpc.Contexts$ContextualizedServerCallListener.onMessage(Contexts.java:76)\r\n\tat io.grpc.internal.ServerCallImpl$ServerStreamListenerImpl.messagesAvailableInternal(ServerCallImpl.java:334)\r\n\tat io.grpc.internal.ServerCallImpl$ServerStreamListenerImpl.messagesAvailable(ServerCallImpl.java:319)\r\n\tat io.grpc.internal.ServerImpl$JumpToApplicationThreadServerStreamListener$1MessagesAvailable.runInContext(ServerImpl.java:852)\r\n\tat io.grpc.internal.ContextRunnable.run(ContextRunnable.java:37)\r\n\tat io.grpc.internal.SerializingExecutor.run(SerializingExecutor.java:133)\r\n\tat java.base/java.util.concurrent.ThreadPoolExecutor.runWorker(ThreadPoolExecutor.java:1090)\r\n\tat java.base/java.util.concurrent.ThreadPoolExecutor$Worker.run(ThreadPoolExecutor.java:614)\r\n\tat java.base/java.lang.Thread.run(Thread.java:1474)\r\n\r\n"}}
[debug] [2026-08-25T11:19:11.224Z] Aug 25, 2026 7:19:11 PM com.google.cloud.datastore.emulator.impl.util.WrappedStreamObserver onError
WARNING: Operation failed: 
false for 'create' @ L89, false for 'update' @ L89
com.google.cloud.datastore.core.exception.DatastoreException: 
false for 'create' @ L89, false for 'update' @ L89
	at com.google.cloud.datastore.core.exception.DatastoreException$Builder.build(DatastoreException.java:152)
	at com.google.cloud.datastore.emulator.impl.rules.DefaultEmulatorRulesAuthorizer.verboseError(DefaultEmulatorRulesAuthorizer.java:349)
	at com.google.cloud.datastore.emulator.impl.rules.DefaultEmulatorRulesAuthorizer.withVerboseErrors(DefaultEmulatorRulesAuthorizer.java:326)
	at com.google.cloud.datastore.emulator.impl.rules.DefaultEmulatorRulesAuthorizer.checkCommit(DefaultEmulatorRulesAuthorizer.java:113)
	at com.google.cloud.datastore.emulator.impl.firestore.FirestoreEmulatorHelper.commitHelper(FirestoreEmulatorHelper.java:407)
	at com.google.cloud.datastore.emulator.impl.firestore.FirestoreEmulatorHelper.internalCommit(FirestoreEmulatorHelper.java:348)
	at com.google.cloud.datastore.emulator.impl.firestore.CloudFirestoreV1.internalCommit(CloudFirestoreV1.java:1336)
	at com.google.cloud.datastore.emulator.impl.firestore.CloudFirestoreV1.write(CloudFirestoreV1.java:1321)
	at com.google.cloud.datastore.emulator.impl.firestore.CloudFirestoreV1WriteStream.handleRequest(CloudFirestoreV1WriteStream.java:222)
	at com.google.cloud.datastore.emulator.impl.firestore.CloudFirestoreV1WriteStream.write(CloudFirestoreV1WriteStream.java:144)
	at com.google.cloud.datastore.emulator.impl.firestore.CloudFirestoreV1WriteStream.onNext(CloudFirestoreV1WriteStream.java:99)
	at com.google.cloud.datastore.emulator.impl.firestore.CloudFirestoreV1WriteStream.onNext(CloudFirestoreV1WriteStream.java:27)
	at io.grpc.stub.ServerCalls$StreamingServerCallHandler$StreamingServerCallListener.onMessage(ServerCalls.java:262)
	at io.grpc.ForwardingServerCallListener.onMessage(ForwardingServerCallListener.java:33)
	at io.grpc.Contexts$ContextualizedServerCallListener.onMessage(Contexts.java:76)
	at io.grpc.ForwardingServerCallListener.onMessage(ForwardingServerCallListener.java:33)
	at io.grpc.Contexts$ContextualizedServerCallListener.onMessage(Contexts.java:76)
	at io.grpc.internal.ServerCallImpl$ServerStreamListenerImpl.messagesAvailableInternal(ServerCallImpl.java:334)
	at io.grpc.internal.ServerCallImpl$ServerStreamListenerImpl.messagesAvailable(ServerCallImpl.java:319)
	at io.grpc.internal.ServerImpl$JumpToApplicationThreadServerStreamListener$1MessagesAvailable.runInContext(ServerImpl.java:852)
	at io.grpc.internal.ContextRunnable.run(ContextRunnable.java:37)
	at io.grpc.internal.SerializingExecutor.run(SerializingExecutor.java:133)
	at java.base/java.util.concurrent.ThreadPoolExecutor.runWorker(ThreadPoolExecutor.java:1090)
	at java.base/java.util.concurrent.ThreadPoolExecutor$Worker.run(ThreadPoolExecutor.java:614)
	at java.base/java.lang.Thread.run(Thread.java:1474)

 {"metadata":{"emulator":{"name":"firestore"},"message":"Aug 25, 2026 7:19:11 PM com.google.cloud.datastore.emulator.impl.util.WrappedStreamObserver onError\r\nWARNING: Operation failed: \nfalse for 'create' @ L89, false for 'update' @ L89\r\ncom.google.cloud.datastore.core.exception.DatastoreException: \nfalse for 'create' @ L89, false for 'update' @ L89\r\n\tat com.google.cloud.datastore.core.exception.DatastoreException$Builder.build(DatastoreException.java:152)\r\n\tat com.google.cloud.datastore.emulator.impl.rules.DefaultEmulatorRulesAuthorizer.verboseError(DefaultEmulatorRulesAuthorizer.java:349)\r\n\tat com.google.cloud.datastore.emulator.impl.rules.DefaultEmulatorRulesAuthorizer.withVerboseErrors(DefaultEmulatorRulesAuthorizer.java:326)\r\n\tat com.google.cloud.datastore.emulator.impl.rules.DefaultEmulatorRulesAuthorizer.checkCommit(DefaultEmulatorRulesAuthorizer.java:113)\r\n\tat com.google.cloud.datastore.emulator.impl.firestore.FirestoreEmulatorHelper.commitHelper(FirestoreEmulatorHelper.java:407)\r\n\tat com.google.cloud.datastore.emulator.impl.firestore.FirestoreEmulatorHelper.internalCommit(FirestoreEmulatorHelper.java:348)\r\n\tat com.google.cloud.datastore.emulator.impl.firestore.CloudFirestoreV1.internalCommit(CloudFirestoreV1.java:1336)\r\n\tat com.google.cloud.datastore.emulator.impl.firestore.CloudFirestoreV1.write(CloudFirestoreV1.java:1321)\r\n\tat com.google.cloud.datastore.emulator.impl.firestore.CloudFirestoreV1WriteStream.handleRequest(CloudFirestoreV1WriteStream.java:222)\r\n\tat com.google.cloud.datastore.emulator.impl.firestore.CloudFirestoreV1WriteStream.write(CloudFirestoreV1WriteStream.java:144)\r\n\tat com.google.cloud.datastore.emulator.impl.firestore.CloudFirestoreV1WriteStream.onNext(CloudFirestoreV1WriteStream.java:99)\r\n\tat com.google.cloud.datastore.emulator.impl.firestore.CloudFirestoreV1WriteStream.onNext(CloudFirestoreV1WriteStream.java:27)\r\n\tat io.grpc.stub.ServerCalls$StreamingServerCallHandler$StreamingServerCallListener.onMessage(ServerCalls.java:262)\r\n\tat io.grpc.ForwardingServerCallListener.onMessage(ForwardingServerCallListener.java:33)\r\n\tat io.grpc.Contexts$ContextualizedServerCallListener.onMessage(Contexts.java:76)\r\n\tat io.grpc.ForwardingServerCallListener.onMessage(ForwardingServerCallListener.java:33)\r\n\tat io.grpc.Contexts$ContextualizedServerCallListener.onMessage(Contexts.java:76)\r\n\tat io.grpc.internal.ServerCallImpl$ServerStreamListenerImpl.messagesAvailableInternal(ServerCallImpl.java:334)\r\n\tat io.grpc.internal.ServerCallImpl$ServerStreamListenerImpl.messagesAvailable(ServerCallImpl.java:319)\r\n\tat io.grpc.internal.ServerImpl$JumpToApplicationThreadServerStreamListener$1MessagesAvailable.runInContext(ServerImpl.java:852)\r\n\tat io.grpc.internal.ContextRunnable.run(ContextRunnable.java:37)\r\n\tat io.grpc.internal.SerializingExecutor.run(SerializingExecutor.java:133)\r\n\tat java.base/java.util.concurrent.ThreadPoolExecutor.runWorker(ThreadPoolExecutor.java:1090)\r\n\tat java.base/java.util.concurrent.ThreadPoolExecutor$Worker.run(ThreadPoolExecutor.java:614)\r\n\tat java.base/java.lang.Thread.run(Thread.java:1474)\r\n\r\n"}}
[debug] [2026-08-25T11:19:11.285Z] Aug 25, 2026 7:19:11 PM com.google.cloud.datastore.emulator.impl.util.WrappedStreamObserver onError
WARNING: Operation failed: 
false for 'create' @ L101, false for 'update' @ L101
com.google.cloud.datastore.core.exception.DatastoreException: 
false for 'create' @ L101, false for 'update' @ L101
	at com.google.cloud.datastore.core.exception.DatastoreException$Builder.build(DatastoreException.java:152)
	at com.google.cloud.datastore.emulator.impl.rules.DefaultEmulatorRulesAuthorizer.verboseError(DefaultEmulatorRulesAuthorizer.java:349)
	at com.google.cloud.datastore.emulator.impl.rules.DefaultEmulatorRulesAuthorizer.withVerboseErrors(DefaultEmulatorRulesAuthorizer.java:326)
	at com.google.cloud.datastore.emulator.impl.rules.DefaultEmulatorRulesAuthorizer.checkCommit(DefaultEmulatorRulesAuthorizer.java:113)
	at com.google.cloud.datastore.emulator.impl.firestore.FirestoreEmulatorHelper.commitHelper(FirestoreEmulatorHelper.java:407)
	at com.google.cloud.datastore.emulator.impl.firestore.FirestoreEmulatorHelper.internalCommit(FirestoreEmulatorHelper.java:348)
	at com.google.cloud.datastore.emulator.impl.firestore.CloudFirestoreV1.internalCommit(CloudFirestoreV1.java:1336)
	at com.google.cloud.datastore.emulator.impl.firestore.CloudFirestoreV1.write(CloudFirestoreV1.java:1321)
	at com.google.cloud.datastore.emulator.impl.firestore.CloudFirestoreV1WriteStream.handleRequest(CloudFirestoreV1WriteStream.java:222)
	at com.google.cloud.datastore.emulator.impl.firestore.CloudFirestoreV1WriteStream.write(CloudFirestoreV1WriteStream.java:144)
	at com.google.cloud.datastore.emulator.impl.firestore.CloudFirestoreV1WriteStream.onNext(CloudFirestoreV1WriteStream.java:99)
	at com.google.cloud.datastore.emulator.impl.firestore.CloudFirestoreV1WriteStream.onNext(CloudFirestoreV1WriteStream.java:27)
	at io.grpc.stub.ServerCalls$StreamingServerCallHandler$StreamingServerCallListener.onMessage(ServerCalls.java:262)
	at io.grpc.ForwardingServerCallListener.onMessage(ForwardingServerCallListener.java:33)
	at io.grpc.Contexts$ContextualizedServerCallListener.onMessage(Contexts.java:76)
	at io.grpc.ForwardingServerCallListener.onMessage(ForwardingServerCallListener.java:33)
	at io.grpc.Contexts$ContextualizedServerCallListener.onMessage(Contexts.java:76)
	at io.grpc.internal.ServerCallImpl$ServerStreamListenerImpl.messagesAvailableInternal(ServerCallImpl.java:334)
	at io.grpc.internal.ServerCallImpl$ServerStreamListenerImpl.messagesAvailable(ServerCallImpl.java:319)
	at io.grpc.internal.ServerImpl$JumpToApplicationThreadServerStreamListener$1MessagesAvailable.runInContext(ServerImpl.java:852)
	at io.grpc.internal.ContextRunnable.run(ContextRunnable.java:37)
	at io.grpc.internal.SerializingExecutor.run(SerializingExecutor.java:133)
	at java.base/java.util.concurrent.ThreadPoolExecutor.runWorker(ThreadPoolExecutor.java:1090)
	at java.base/java.util.concurrent.ThreadPoolExecutor$Worker.run(ThreadPoolExecutor.java:614)
	at java.base/java.lang.Thread.run(Thread.java:1474)

 {"metadata":{"emulator":{"name":"firestore"},"message":"Aug 25, 2026 7:19:11 PM com.google.cloud.datastore.emulator.impl.util.WrappedStreamObserver onError\r\nWARNING: Operation failed: \nfalse for 'create' @ L101, false for 'update' @ L101\r\ncom.google.cloud.datastore.core.exception.DatastoreException: \nfalse for 'create' @ L101, false for 'update' @ L101\r\n\tat com.google.cloud.datastore.core.exception.DatastoreException$Builder.build(DatastoreException.java:152)\r\n\tat com.google.cloud.datastore.emulator.impl.rules.DefaultEmulatorRulesAuthorizer.verboseError(DefaultEmulatorRulesAuthorizer.java:349)\r\n\tat com.google.cloud.datastore.emulator.impl.rules.DefaultEmulatorRulesAuthorizer.withVerboseErrors(DefaultEmulatorRulesAuthorizer.java:326)\r\n\tat com.google.cloud.datastore.emulator.impl.rules.DefaultEmulatorRulesAuthorizer.checkCommit(DefaultEmulatorRulesAuthorizer.java:113)\r\n\tat com.google.cloud.datastore.emulator.impl.firestore.FirestoreEmulatorHelper.commitHelper(FirestoreEmulatorHelper.java:407)\r\n\tat com.google.cloud.datastore.emulator.impl.firestore.FirestoreEmulatorHelper.internalCommit(FirestoreEmulatorHelper.java:348)\r\n\tat com.google.cloud.datastore.emulator.impl.firestore.CloudFirestoreV1.internalCommit(CloudFirestoreV1.java:1336)\r\n\tat com.google.cloud.datastore.emulator.impl.firestore.CloudFirestoreV1.write(CloudFirestoreV1.java:1321)\r\n\tat com.google.cloud.datastore.emulator.impl.firestore.CloudFirestoreV1WriteStream.handleRequest(CloudFirestoreV1WriteStream.java:222)\r\n\tat com.google.cloud.datastore.emulator.impl.firestore.CloudFirestoreV1WriteStream.write(CloudFirestoreV1WriteStream.java:144)\r\n\tat com.google.cloud.datastore.emulator.impl.firestore.CloudFirestoreV1WriteStream.onNext(CloudFirestoreV1WriteStream.java:99)\r\n\tat com.google.cloud.datastore.emulator.impl.firestore.CloudFirestoreV1WriteStream.onNext(CloudFirestoreV1WriteStream.java:27)\r\n\tat io.grpc.stub.ServerCalls$StreamingServerCallHandler$StreamingServerCallListener.onMessage(ServerCalls.java:262)\r\n\tat io.grpc.ForwardingServerCallListener.onMessage(ForwardingServerCallListener.java:33)\r\n\tat io.grpc.Contexts$ContextualizedServerCallListener.onMessage(Contexts.java:76)\r\n\tat io.grpc.ForwardingServerCallListener.onMessage(ForwardingServerCallListener.java:33)\r\n\tat io.grpc.Contexts$ContextualizedServerCallListener.onMessage(Contexts.java:76)\r\n\tat io.grpc.internal.ServerCallImpl$ServerStreamListenerImpl.messagesAvailableInternal(ServerCallImpl.java:334)\r\n\tat io.grpc.internal.ServerCallImpl$ServerStreamListenerImpl.messagesAvailable(ServerCallImpl.java:319)\r\n\tat io.grpc.internal.ServerImpl$JumpToApplicationThreadServerStreamListener$1MessagesAvailable.runInContext(ServerImpl.java:852)\r\n\tat io.grpc.internal.ContextRunnable.run(ContextRunnable.java:37)\r\n\tat io.grpc.internal.SerializingExecutor.run(SerializingExecutor.java:133)\r\n\tat java.base/java.util.concurrent.ThreadPoolExecutor.runWorker(ThreadPoolExecutor.java:1090)\r\n\tat java.base/java.util.concurrent.ThreadPoolExecutor$Worker.run(ThreadPoolExecutor.java:614)\r\n\tat java.base/java.lang.Thread.run(Thread.java:1474)\r\n\r\n"}}
[debug] [2026-08-25T11:19:11.330Z] Aug 25, 2026 7:19:11 PM io.netty.channel.DefaultChannelPipeline onUnhandledInboundException
WARNING: An exceptionCaught() event was fired, and it reached at the tail of the pipeline. It usually means the last handler in the pipeline did not handle the exception.
java.net.SocketException: Connection reset
	at java.base/sun.nio.ch.SocketChannelImpl.throwConnectionReset(SocketChannelImpl.java:399)
	at java.base/sun.nio.ch.SocketChannelImpl.implRead(SocketChannelImpl.java:431)
	at java.base/sun.nio.ch.SocketChannelImpl.read(SocketChannelImpl.java:489)
	at io.netty.buffer.PooledByteBuf.setBytes(PooledByteBuf.java:255)
	at io.netty.buffer.AbstractByteBuf.writeBytes(AbstractByteBuf.java:1132)
	at io.netty.channel.socket.nio.NioSocketChannel.doReadBytes(NioSocketChannel.java:356)
	at io.netty.channel.nio.AbstractNioByteChannel$NioByteUnsafe.read(AbstractNioByteChannel.java:156)
	at io.netty.channel.nio.NioEventLoop.processSelectedKey(NioEventLoop.java:796)
	at io.netty.channel.nio.NioEventLoop.processSelectedKeysOptimized(NioEventLoop.java:732)
	at io.netty.channel.nio.NioEventLoop.processSelectedKeys(NioEventLoop.java:658)
	at io.netty.channel.nio.NioEventLoop.run(NioEventLoop.java:562)
	at io.netty.util.concurrent.SingleThreadEventExecutor$4.run(SingleThreadEventExecutor.java:998)
	at io.netty.util.internal.ThreadExecutorMap$2.run(ThreadExecutorMap.java:74)
	at io.netty.util.concurrent.FastThreadLocalRunnable.run(FastThreadLocalRunnable.java:30)
	at java.base/java.lang.Thread.run(Thread.java:1474)

Aug 25, 2026 7:19:11 PM io.netty.channel.DefaultChannelPipeline onUnhandledInboundException
WARNING: An exceptionCaught() event was fired, and it reached at the tail of the pipeline. It usually means the last handler in the pipeline did not handle the exception.
java.net.SocketException: Connection reset
	at java.base/sun.nio.ch.SocketChannelImpl.throwConnectionReset(SocketChannelImpl.java:399)
	at java.base/sun.nio.ch.SocketChannelImpl.implRead(SocketChannelImpl.java:431)
	at java.base/sun.nio.ch.SocketChannelImpl.read(SocketChannelImpl.java:489)
	at io.netty.buffer.PooledByteBuf.setBytes(PooledByteBuf.java:255)
	at io.netty.buffer.AbstractByteBuf.writeBytes(AbstractByteBuf.java:1132)
	at io.netty.channel.socket.nio.NioSocketChannel.doReadBytes(NioSocketChannel.java:356)
	at io.netty.channel.nio.AbstractNioByteChannel$NioByteUnsafe.read(AbstractNioByteChannel.java:156)
	at io.netty.channel.nio.NioEventLoop.processSelectedKey(NioEventLoop.java:796)
	at io.netty.channel.nio.NioEventLoop.processSelectedKeysOptimized(NioEventLoop.java:732)
	at io.netty.channel.nio.NioEventLoop.processSelectedKeys(NioEventLoop.java:658)
	at io.netty.channel.nio.NioEventLoop.run(NioEventLoop.java:562)
	at io.netty.util.concurrent.SingleThreadEventExecutor$4.run(SingleThreadEventExecutor.java:998)
	at io.netty.util.internal.ThreadExecutorMap$2.run(ThreadExecutorMap.java:74)
	at io.netty.util.concurrent.FastThreadLocalRunnable.run(FastThreadLocalRunnable.java:30)
	at java.base/java.lang.Thread.run(Thread.java:1474)

 {"metadata":{"emulator":{"name":"firestore"},"message":"Aug 25, 2026 7:19:11 PM io.netty.channel.DefaultChannelPipeline onUnhandledInboundException\r\nWARNING: An exceptionCaught() event was fired, and it reached at the tail of the pipeline. It usually means the last handler in the pipeline did not handle the exception.\r\njava.net.SocketException: Connection reset\r\n\tat java.base/sun.nio.ch.SocketChannelImpl.throwConnectionReset(SocketChannelImpl.java:399)\r\n\tat java.base/sun.nio.ch.SocketChannelImpl.implRead(SocketChannelImpl.java:431)\r\n\tat java.base/sun.nio.ch.SocketChannelImpl.read(SocketChannelImpl.java:489)\r\n\tat io.netty.buffer.PooledByteBuf.setBytes(PooledByteBuf.java:255)\r\n\tat io.netty.buffer.AbstractByteBuf.writeBytes(AbstractByteBuf.java:1132)\r\n\tat io.netty.channel.socket.nio.NioSocketChannel.doReadBytes(NioSocketChannel.java:356)\r\n\tat io.netty.channel.nio.AbstractNioByteChannel$NioByteUnsafe.read(AbstractNioByteChannel.java:156)\r\n\tat io.netty.channel.nio.NioEventLoop.processSelectedKey(NioEventLoop.java:796)\r\n\tat io.netty.channel.nio.NioEventLoop.processSelectedKeysOptimized(NioEventLoop.java:732)\r\n\tat io.netty.channel.nio.NioEventLoop.processSelectedKeys(NioEventLoop.java:658)\r\n\tat io.netty.channel.nio.NioEventLoop.run(NioEventLoop.java:562)\r\n\tat io.netty.util.concurrent.SingleThreadEventExecutor$4.run(SingleThreadEventExecutor.java:998)\r\n\tat io.netty.util.internal.ThreadExecutorMap$2.run(ThreadExecutorMap.java:74)\r\n\tat io.netty.util.concurrent.FastThreadLocalRunnable.run(FastThreadLocalRunnable.java:30)\r\n\tat java.base/java.lang.Thread.run(Thread.java:1474)\r\n\r\nAug 25, 2026 7:19:11 PM io.netty.channel.DefaultChannelPipeline onUnhandledInboundException\r\nWARNING: An exceptionCaught() event was fired, and it reached at the tail of the pipeline. It usually means the last handler in the pipeline did not handle the exception.\r\njava.net.SocketException: Connection reset\r\n\tat java.base/sun.nio.ch.SocketChannelImpl.throwConnectionReset(SocketChannelImpl.java:399)\r\n\tat java.base/sun.nio.ch.SocketChannelImpl.implRead(SocketChannelImpl.java:431)\r\n\tat java.base/sun.nio.ch.SocketChannelImpl.read(SocketChannelImpl.java:489)\r\n\tat io.netty.buffer.PooledByteBuf.setBytes(PooledByteBuf.java:255)\r\n\tat io.netty.buffer.AbstractByteBuf.writeBytes(AbstractByteBuf.java:1132)\r\n\tat io.netty.channel.socket.nio.NioSocketChannel.doReadBytes(NioSocketChannel.java:356)\r\n\tat io.netty.channel.nio.AbstractNioByteChannel$NioByteUnsafe.read(AbstractNioByteChannel.java:156)\r\n\tat io.netty.channel.nio.NioEventLoop.processSelectedKey(NioEventLoop.java:796)\r\n\tat io.netty.channel.nio.NioEventLoop.processSelectedKeysOptimized(NioEventLoop.java:732)\r\n\tat io.netty.channel.nio.NioEventLoop.processSelectedKeys(NioEventLoop.java:658)\r\n\tat io.netty.channel.nio.NioEventLoop.run(NioEventLoop.java:562)\r\n\tat io.netty.util.concurrent.SingleThreadEventExecutor$4.run(SingleThreadEventExecutor.java:998)\r\n\tat io.netty.util.internal.ThreadExecutorMap$2.run(ThreadExecutorMap.java:74)\r\n\tat io.netty.util.concurrent.FastThreadLocalRunnable.run(FastThreadLocalRunnable.java:30)\r\n\tat java.base/java.lang.Thread.run(Thread.java:1474)\r\n\r\n"}}
[info] i  firestore: Change detected, updating rules... 
[debug] [2026-08-25T11:23:17.078Z] >>> [apiv2][query] PUT http://127.0.0.1:8080/emulator/v1/projects/loady-test-project:securityRules [none]
[debug] [2026-08-25T11:23:17.078Z] >>> [apiv2][body] PUT http://127.0.0.1:8080/emulator/v1/projects/loady-test-project:securityRules {"ignore_errors":true,"rules":{"files":[{"name":"security.rules","content":"rules_version = '2';\nservice cloud.firestore {\n  match /databases/{database}/documents {\n\n    // Helper functions\n    function isValidTelco(telco) {\n      return telco in ['Globe', 'Smart', 'DITO', 'GOMO', 'TM', 'TNT'];\n    }\n\n    function isValidNetworkType(type) {\n      return type in ['5G', '4G/LTE', '3G', '2G', 'Deadzone'];\n    }\n\n    // 1. Barangays Collection (Flat & Province-Agnostic)\n    // Public read for offline/online lookup; writes locked to Admin SDK / seed scripts only\n    match /barangays/{barangay_code} {\n      allow read: if true;\n      allow write: if false;\n    }\n\n    // 2. Coverage Reports Collection\n    // Read: Public\n    // Create: Open unauthenticated client writes with strict schema validation & foreign key check\n    // Update: Single-increment upvotes only\n    // Delete: Prohibited\n    match /coverage_reports/{reportId} {\n      allow read: if true;\n\n      allow create: if\n        // Validate Schema Whitelist (no arbitrary field injection)\n        request.resource.data.keys().hasOnly([\n          'barangay_code', 'device_fingerprint', 'user_id', 'telco', 'barangay',\n          'city', 'province', 'lat', 'lng', 'signal_rating', 'network_type',\n          'speed_mbps', 'notes', 'upvotes', 'flagged', 'flag_count', 'created_at', 'server_synced_at'\n        ]) &&\n        request.resource.data.telco is string && isValidTelco(request.resource.data.telco) &&\n        request.resource.data.network_type is string && isValidNetworkType(request.resource.data.network_type) &&\n        request.resource.data.signal_rating is int && request.resource.data.signal_rating >= 1 && request.resource.data.signal_rating <= 5 &&\n        request.resource.data.lat is number && request.resource.data.lng is number &&\n        // Foreign key validation against barangays collection (if barangay_code provided)\n        (\n          request.resource.data.barangay_code == null ||\n          exists(/databases/$(database)/documents/barangays/$(request.resource.data.barangay_code))\n        );\n\n      // Upvote updates: only 'upvotes' field can change, and must strictly increment by 1\n      allow update: if request.resource.data.diff(resource.data).affectedKeys().hasOnly(['upvotes']) &&\n        request.resource.data.upvotes == resource.data.upvotes + 1;\n\n      allow delete: if false;\n    }\n\n    // 3. User Check-Ins\n    // Create: Open signal telemetry check-in with schema validation\n    // Read: Public\n    match /user_checkins/{checkinId} {\n      allow read: if true;\n      allow create: if request.resource.data.keys().hasOnly([\n        'user_id', 'device_fingerprint', 'barangay_code', 'telco',\n        'signal_rating', 'network_type', 'speed_mbps', 'timestamp', 'created_at'\n      ]);\n      allow update, delete: if false;\n    }\n\n    // 4. Out-of-Area Telemetry Logs\n    // Create: Client writes logged when GPS/search falls outside supported active regions\n    // Read: Denied from client (collected for backend expansion analytics)\n    match /out_of_area_logs/{logId} {\n      allow create: if request.resource.data.keys().hasOnly([\n        'lat', 'lng', 'resolved_location', 'device_fingerprint', 'user_id', 'timestamp', 'created_at'\n      ]) && request.resource.data.lat is number && request.resource.data.lng is number;\n\n      allow read, update, delete: if false;\n    }\n\n    // 5. Sent Notifications Log (Cloud Functions Admin SDK only)\n    match /sent_notifications/{id} {\n      allow read, write: if false;\n    }\n\n    // 6. User SIM Profiles\n    // Create: Open with schema whitelist and required device_id\n    // Update: Requires matching device_id to prevent account hijacking\n    // Read: Public\n    // Delete: Prohibited\n    match /sim_profiles/{id} {\n      allow read: if true;\n\n      allow create: if request.resource.data.keys().hasOnly([\n        'id', 'device_id', 'user_id', 'name', 'telco', 'phone_number',\n        'active_promo', 'total_data_mb', 'remaining_data_mb', 'expiry_date',\n        'is_no_expiry', 'regular_balance_php', 'updated_at', 'server_timestamp', 'token'\n      ]) && request.resource.data.device_id is string;\n\n      allow update: if request.resource.data.keys().hasOnly([\n        'id', 'device_id', 'user_id', 'name', 'telco', 'phone_number',\n        'active_promo', 'total_data_mb', 'remaining_data_mb', 'expiry_date',\n        'is_no_expiry', 'regular_balance_php', 'updated_at', 'server_timestamp', 'token'\n      ]) && request.resource.data.device_id == resource.data.device_id;\n\n      allow delete: if false;\n    }\n\n    // 7. Push Subscriptions (FCM Tokens)\n    // Create: Open with schema whitelist and required device_id\n    // Update: Requires matching device_id to prevent push token hijacking\n    // Read & Delete: Denied from client\n    match /push_subscriptions/{id} {\n      allow create: if request.resource.data.keys().hasOnly([\n        'token', 'device_id', 'user_id', 'device_fingerprint', 'user_agent', 'updated_at', 'server_timestamp'\n      ]) && request.resource.data.device_id is string;\n\n      allow update: if request.resource.data.keys().hasOnly([\n        'token', 'device_id', 'user_id', 'device_fingerprint', 'user_agent', 'updated_at', 'server_timestamp'\n      ]) && request.resource.data.device_id == resource.data.device_id;\n\n      allow read, delete: if false;\n    }\n  }\n}\n"}]}}
[debug] [2026-08-25T11:23:17.082Z] Aug 25, 2026 7:23:17 PM io.gapi.emulators.netty.HttpVersionRoutingHandler channelRead
INFO: Detected non-HTTP/2 connection.
 {"metadata":{"emulator":{"name":"firestore"},"message":"Aug 25, 2026 7:23:17 PM io.gapi.emulators.netty.HttpVersionRoutingHandler channelRead\r\nINFO: Detected non-HTTP/2 connection.\r\n"}}
[debug] [2026-08-25T11:23:17.142Z] <<< [apiv2][status] PUT http://127.0.0.1:8080/emulator/v1/projects/loady-test-project:securityRules 200
[debug] [2026-08-25T11:23:17.142Z] <<< [apiv2][body] PUT http://127.0.0.1:8080/emulator/v1/projects/loady-test-project:securityRules {}
[info] +  firestore: Rules updated. 
[debug] [2026-08-25T11:25:30.942Z] Aug 25, 2026 7:25:30 PM io.gapi.emulators.netty.HttpVersionRoutingHandler channelRead
INFO: Detected non-HTTP/2 connection.
 {"metadata":{"emulator":{"name":"firestore"},"message":"Aug 25, 2026 7:25:30 PM io.gapi.emulators.netty.HttpVersionRoutingHandler channelRead\r\nINFO: Detected non-HTTP/2 connection.\r\n"}}
[debug] [2026-08-25T11:25:30.979Z] Aug 25, 2026 7:25:30 PM io.gapi.emulators.netty.HttpVersionRoutingHandler channelRead
INFO: Detected non-HTTP/2 connection.
 {"metadata":{"emulator":{"name":"firestore"},"message":"Aug 25, 2026 7:25:30 PM io.gapi.emulators.netty.HttpVersionRoutingHandler channelRead\r\nINFO: Detected non-HTTP/2 connection.\r\n"}}
[debug] [2026-08-25T11:25:31.046Z] Aug 25, 2026 7:25:31 PM io.gapi.emulators.netty.HttpVersionRoutingHandler channelRead
INFO: Detected HTTP/2 connection.
 {"metadata":{"emulator":{"name":"firestore"},"message":"Aug 25, 2026 7:25:31 PM io.gapi.emulators.netty.HttpVersionRoutingHandler channelRead\r\nINFO: Detected HTTP/2 connection.\r\n"}}
[debug] [2026-08-25T11:25:31.058Z] Aug 25, 2026 7:25:31 PM com.google.cloud.datastore.emulator.impl.util.WrappedStreamObserver onError
WARNING: Operation failed: 
false for 'create' @ L18, false for 'update' @ L18
com.google.cloud.datastore.core.exception.DatastoreException: 
false for 'create' @ L18, false for 'update' @ L18
	at com.google.cloud.datastore.core.exception.DatastoreException$Builder.build(DatastoreException.java:152)
	at com.google.cloud.datastore.emulator.impl.rules.DefaultEmulatorRulesAuthorizer.verboseError(DefaultEmulatorRulesAuthorizer.java:349)
	at com.google.cloud.datastore.emulator.impl.rules.DefaultEmulatorRulesAuthorizer.withVerboseErrors(DefaultEmulatorRulesAuthorizer.java:326)
	at com.google.cloud.datastore.emulator.impl.rules.DefaultEmulatorRulesAuthorizer.checkCommit(DefaultEmulatorRulesAuthorizer.java:113)
	at com.google.cloud.datastore.emulator.impl.firestore.FirestoreEmulatorHelper.commitHelper(FirestoreEmulatorHelper.java:407)
	at com.google.cloud.datastore.emulator.impl.firestore.FirestoreEmulatorHelper.internalCommit(FirestoreEmulatorHelper.java:348)
	at com.google.cloud.datastore.emulator.impl.firestore.CloudFirestoreV1.internalCommit(CloudFirestoreV1.java:1336)
	at com.google.cloud.datastore.emulator.impl.firestore.CloudFirestoreV1.write(CloudFirestoreV1.java:1321)
	at com.google.cloud.datastore.emulator.impl.firestore.CloudFirestoreV1WriteStream.handleRequest(CloudFirestoreV1WriteStream.java:222)
	at com.google.cloud.datastore.emulator.impl.firestore.CloudFirestoreV1WriteStream.write(CloudFirestoreV1WriteStream.java:144)
	at com.google.cloud.datastore.emulator.impl.firestore.CloudFirestoreV1WriteStream.onNext(CloudFirestoreV1WriteStream.java:99)
	at com.google.cloud.datastore.emulator.impl.firestore.CloudFirestoreV1WriteStream.onNext(CloudFirestoreV1WriteStream.java:27)
	at io.grpc.stub.ServerCalls$StreamingServerCallHandler$StreamingServerCallListener.onMessage(ServerCalls.java:262)
	at io.grpc.ForwardingServerCallListener.onMessage(ForwardingServerCallListener.java:33)
	at io.grpc.Contexts$ContextualizedServerCallListener.onMessage(Contexts.java:76)
	at io.grpc.ForwardingServerCallListener.onMessage(ForwardingServerCallListener.java:33)
	at io.grpc.Contexts$ContextualizedServerCallListener.onMessage(Contexts.java:76)
	at io.grpc.internal.ServerCallImpl$ServerStreamListenerImpl.messagesAvailableInternal(ServerCallImpl.java:334)
	at io.grpc.internal.ServerCallImpl$ServerStreamListenerImpl.messagesAvailable(ServerCallImpl.java:319)
	at io.grpc.internal.ServerImpl$JumpToApplicationThreadServerStreamListener$1MessagesAvailable.runInContext(ServerImpl.java:852)
	at io.grpc.internal.ContextRunnable.run(ContextRunnable.java:37)
	at io.grpc.internal.SerializingExecutor.run(SerializingExecutor.java:133)
	at java.base/java.util.concurrent.ThreadPoolExecutor.runWorker(ThreadPoolExecutor.java:1090)
	at java.base/java.util.concurrent.ThreadPoolExecutor$Worker.run(ThreadPoolExecutor.java:614)
	at java.base/java.lang.Thread.run(Thread.java:1474)

 {"metadata":{"emulator":{"name":"firestore"},"message":"Aug 25, 2026 7:25:31 PM com.google.cloud.datastore.emulator.impl.util.WrappedStreamObserver onError\r\nWARNING: Operation failed: \nfalse for 'create' @ L18, false for 'update' @ L18\r\ncom.google.cloud.datastore.core.exception.DatastoreException: \nfalse for 'create' @ L18, false for 'update' @ L18\r\n\tat com.google.cloud.datastore.core.exception.DatastoreException$Builder.build(DatastoreException.java:152)\r\n\tat com.google.cloud.datastore.emulator.impl.rules.DefaultEmulatorRulesAuthorizer.verboseError(DefaultEmulatorRulesAuthorizer.java:349)\r\n\tat com.google.cloud.datastore.emulator.impl.rules.DefaultEmulatorRulesAuthorizer.withVerboseErrors(DefaultEmulatorRulesAuthorizer.java:326)\r\n\tat com.google.cloud.datastore.emulator.impl.rules.DefaultEmulatorRulesAuthorizer.checkCommit(DefaultEmulatorRulesAuthorizer.java:113)\r\n\tat com.google.cloud.datastore.emulator.impl.firestore.FirestoreEmulatorHelper.commitHelper(FirestoreEmulatorHelper.java:407)\r\n\tat com.google.cloud.datastore.emulator.impl.firestore.FirestoreEmulatorHelper.internalCommit(FirestoreEmulatorHelper.java:348)\r\n\tat com.google.cloud.datastore.emulator.impl.firestore.CloudFirestoreV1.internalCommit(CloudFirestoreV1.java:1336)\r\n\tat com.google.cloud.datastore.emulator.impl.firestore.CloudFirestoreV1.write(CloudFirestoreV1.java:1321)\r\n\tat com.google.cloud.datastore.emulator.impl.firestore.CloudFirestoreV1WriteStream.handleRequest(CloudFirestoreV1WriteStream.java:222)\r\n\tat com.google.cloud.datastore.emulator.impl.firestore.CloudFirestoreV1WriteStream.write(CloudFirestoreV1WriteStream.java:144)\r\n\tat com.google.cloud.datastore.emulator.impl.firestore.CloudFirestoreV1WriteStream.onNext(CloudFirestoreV1WriteStream.java:99)\r\n\tat com.google.cloud.datastore.emulator.impl.firestore.CloudFirestoreV1WriteStream.onNext(CloudFirestoreV1WriteStream.java:27)\r\n\tat io.grpc.stub.ServerCalls$StreamingServerCallHandler$StreamingServerCallListener.onMessage(ServerCalls.java:262)\r\n\tat io.grpc.ForwardingServerCallListener.onMessage(ForwardingServerCallListener.java:33)\r\n\tat io.grpc.Contexts$ContextualizedServerCallListener.onMessage(Contexts.java:76)\r\n\tat io.grpc.ForwardingServerCallListener.onMessage(ForwardingServerCallListener.java:33)\r\n\tat io.grpc.Contexts$ContextualizedServerCallListener.onMessage(Contexts.java:76)\r\n\tat io.grpc.internal.ServerCallImpl$ServerStreamListenerImpl.messagesAvailableInternal(ServerCallImpl.java:334)\r\n\tat io.grpc.internal.ServerCallImpl$ServerStreamListenerImpl.messagesAvailable(ServerCallImpl.java:319)\r\n\tat io.grpc.internal.ServerImpl$JumpToApplicationThreadServerStreamListener$1MessagesAvailable.runInContext(ServerImpl.java:852)\r\n\tat io.grpc.internal.ContextRunnable.run(ContextRunnable.java:37)\r\n\tat io.grpc.internal.SerializingExecutor.run(SerializingExecutor.java:133)\r\n\tat java.base/java.util.concurrent.ThreadPoolExecutor.runWorker(ThreadPoolExecutor.java:1090)\r\n\tat java.base/java.util.concurrent.ThreadPoolExecutor$Worker.run(ThreadPoolExecutor.java:614)\r\n\tat java.base/java.lang.Thread.run(Thread.java:1474)\r\n\r\n"}}
[debug] [2026-08-25T11:25:31.193Z] Aug 25, 2026 7:25:31 PM com.google.cloud.datastore.emulator.impl.util.WrappedStreamObserver onError
WARNING: Operation failed: 
evaluation error at L31:9 for 'create' @ L31, evaluation error at L47:24 for 'update' @ L47, false for 'create' @ L31
com.google.cloud.datastore.core.exception.DatastoreException: 
evaluation error at L31:9 for 'create' @ L31, evaluation error at L47:24 for 'update' @ L47, false for 'create' @ L31
	at com.google.cloud.datastore.core.exception.DatastoreException$Builder.build(DatastoreException.java:152)
	at com.google.cloud.datastore.emulator.impl.rules.DefaultEmulatorRulesAuthorizer.verboseError(DefaultEmulatorRulesAuthorizer.java:349)
	at com.google.cloud.datastore.emulator.impl.rules.DefaultEmulatorRulesAuthorizer.withVerboseErrors(DefaultEmulatorRulesAuthorizer.java:326)
	at com.google.cloud.datastore.emulator.impl.rules.DefaultEmulatorRulesAuthorizer.checkCommit(DefaultEmulatorRulesAuthorizer.java:113)
	at com.google.cloud.datastore.emulator.impl.firestore.FirestoreEmulatorHelper.commitHelper(FirestoreEmulatorHelper.java:407)
	at com.google.cloud.datastore.emulator.impl.firestore.FirestoreEmulatorHelper.internalCommit(FirestoreEmulatorHelper.java:348)
	at com.google.cloud.datastore.emulator.impl.firestore.CloudFirestoreV1.internalCommit(CloudFirestoreV1.java:1336)
	at com.google.cloud.datastore.emulator.impl.firestore.CloudFirestoreV1.write(CloudFirestoreV1.java:1321)
	at com.google.cloud.datastore.emulator.impl.firestore.CloudFirestoreV1WriteStream.handleRequest(CloudFirestoreV1WriteStream.java:222)
	at com.google.cloud.datastore.emulator.impl.firestore.CloudFirestoreV1WriteStream.write(CloudFirestoreV1WriteStream.java:144)
	at com.google.cloud.datastore.emulator.impl.firestore.CloudFirestoreV1WriteStream.onNext(CloudFirestoreV1WriteStream.java:99)
	at com.google.cloud.datastore.emulator.impl.firestore.CloudFirestoreV1WriteStream.onNext(CloudFirestoreV1WriteStream.java:27)
	at io.grpc.stub.ServerCalls$StreamingServerCallHandler$StreamingServerCallListener.onMessage(ServerCalls.java:262)
	at io.grpc.ForwardingServerCallListener.onMessage(ForwardingServerCallListener.java:33)
	at io.grpc.Contexts$ContextualizedServerCallListener.onMessage(Contexts.java:76)
	at io.grpc.ForwardingServerCallListener.onMessage(ForwardingServerCallListener.java:33)
	at io.grpc.Contexts$ContextualizedServerCallListener.onMessage(Contexts.java:76)
	at io.grpc.internal.ServerCallImpl$ServerStreamListenerImpl.messagesAvailableInternal(ServerCallImpl.java:334)
	at io.grpc.internal.ServerCallImpl$ServerStreamListenerImpl.messagesAvailable(ServerCallImpl.java:319)
	at io.grpc.internal.ServerImpl$JumpToApplicationThreadServerStreamListener$1MessagesAvailable.runInContext(ServerImpl.java:852)
	at io.grpc.internal.ContextRunnable.run(ContextRunnable.java:37)
	at io.grpc.internal.SerializingExecutor.run(SerializingExecutor.java:133)
	at java.base/java.util.concurrent.ThreadPoolExecutor.runWorker(ThreadPoolExecutor.java:1090)
	at java.base/java.util.concurrent.ThreadPoolExecutor$Worker.run(ThreadPoolExecutor.java:614)
	at java.base/java.lang.Thread.run(Thread.java:1474)

 {"metadata":{"emulator":{"name":"firestore"},"message":"Aug 25, 2026 7:25:31 PM com.google.cloud.datastore.emulator.impl.util.WrappedStreamObserver onError\r\nWARNING: Operation failed: \nevaluation error at L31:9 for 'create' @ L31, evaluation error at L47:24 for 'update' @ L47, false for 'create' @ L31\r\ncom.google.cloud.datastore.core.exception.DatastoreException: \nevaluation error at L31:9 for 'create' @ L31, evaluation error at L47:24 for 'update' @ L47, false for 'create' @ L31\r\n\tat com.google.cloud.datastore.core.exception.DatastoreException$Builder.build(DatastoreException.java:152)\r\n\tat com.google.cloud.datastore.emulator.impl.rules.DefaultEmulatorRulesAuthorizer.verboseError(DefaultEmulatorRulesAuthorizer.java:349)\r\n\tat com.google.cloud.datastore.emulator.impl.rules.DefaultEmulatorRulesAuthorizer.withVerboseErrors(DefaultEmulatorRulesAuthorizer.java:326)\r\n\tat com.google.cloud.datastore.emulator.impl.rules.DefaultEmulatorRulesAuthorizer.checkCommit(DefaultEmulatorRulesAuthorizer.java:113)\r\n\tat com.google.cloud.datastore.emulator.impl.firestore.FirestoreEmulatorHelper.commitHelper(FirestoreEmulatorHelper.java:407)\r\n\tat com.google.cloud.datastore.emulator.impl.firestore.FirestoreEmulatorHelper.internalCommit(FirestoreEmulatorHelper.java:348)\r\n\tat com.google.cloud.datastore.emulator.impl.firestore.CloudFirestoreV1.internalCommit(CloudFirestoreV1.java:1336)\r\n\tat com.google.cloud.datastore.emulator.impl.firestore.CloudFirestoreV1.write(CloudFirestoreV1.java:1321)\r\n\tat com.google.cloud.datastore.emulator.impl.firestore.CloudFirestoreV1WriteStream.handleRequest(CloudFirestoreV1WriteStream.java:222)\r\n\tat com.google.cloud.datastore.emulator.impl.firestore.CloudFirestoreV1WriteStream.write(CloudFirestoreV1WriteStream.java:144)\r\n\tat com.google.cloud.datastore.emulator.impl.firestore.CloudFirestoreV1WriteStream.onNext(CloudFirestoreV1WriteStream.java:99)\r\n\tat com.google.cloud.datastore.emulator.impl.firestore.CloudFirestoreV1WriteStream.onNext(CloudFirestoreV1WriteStream.java:27)\r\n\tat io.grpc.stub.ServerCalls$StreamingServerCallHandler$StreamingServerCallListener.onMessage(ServerCalls.java:262)\r\n\tat io.grpc.ForwardingServerCallListener.onMessage(ForwardingServerCallListener.java:33)\r\n\tat io.grpc.Contexts$ContextualizedServerCallListener.onMessage(Contexts.java:76)\r\n\tat io.grpc.ForwardingServerCallListener.onMessage(ForwardingServerCallListener.java:33)\r\n\tat io.grpc.Contexts$ContextualizedServerCallListener.onMessage(Contexts.java:76)\r\n\tat io.grpc.internal.ServerCallImpl$ServerStreamListenerImpl.messagesAvailableInternal(ServerCallImpl.java:334)\r\n\tat io.grpc.internal.ServerCallImpl$ServerStreamListenerImpl.messagesAvailable(ServerCallImpl.java:319)\r\n\tat io.grpc.internal.ServerImpl$JumpToApplicationThreadServerStreamListener$1MessagesAvailable.runInContext(ServerImpl.java:852)\r\n\tat io.grpc.internal.ContextRunnable.run(ContextRunnable.java:37)\r\n\tat io.grpc.internal.SerializingExecutor.run(SerializingExecutor.java:133)\r\n\tat java.base/java.util.concurrent.ThreadPoolExecutor.runWorker(ThreadPoolExecutor.java:1090)\r\n\tat java.base/java.util.concurrent.ThreadPoolExecutor$Worker.run(ThreadPoolExecutor.java:614)\r\n\tat java.base/java.lang.Thread.run(Thread.java:1474)\r\n\r\n"}}
[debug] [2026-08-25T11:25:31.240Z] Aug 25, 2026 7:25:31 PM com.google.cloud.datastore.emulator.impl.util.WrappedStreamObserver onError
WARNING: Operation failed: 
false for 'create' @ L31, evaluation error at L47:24 for 'update' @ L47, false for 'create' @ L31
com.google.cloud.datastore.core.exception.DatastoreException: 
false for 'create' @ L31, evaluation error at L47:24 for 'update' @ L47, false for 'create' @ L31
	at com.google.cloud.datastore.core.exception.DatastoreException$Builder.build(DatastoreException.java:152)
	at com.google.cloud.datastore.emulator.impl.rules.DefaultEmulatorRulesAuthorizer.verboseError(DefaultEmulatorRulesAuthorizer.java:349)
	at com.google.cloud.datastore.emulator.impl.rules.DefaultEmulatorRulesAuthorizer.withVerboseErrors(DefaultEmulatorRulesAuthorizer.java:326)
	at com.google.cloud.datastore.emulator.impl.rules.DefaultEmulatorRulesAuthorizer.checkCommit(DefaultEmulatorRulesAuthorizer.java:113)
	at com.google.cloud.datastore.emulator.impl.firestore.FirestoreEmulatorHelper.commitHelper(FirestoreEmulatorHelper.java:407)
	at com.google.cloud.datastore.emulator.impl.firestore.FirestoreEmulatorHelper.internalCommit(FirestoreEmulatorHelper.java:348)
	at com.google.cloud.datastore.emulator.impl.firestore.CloudFirestoreV1.internalCommit(CloudFirestoreV1.java:1336)
	at com.google.cloud.datastore.emulator.impl.firestore.CloudFirestoreV1.write(CloudFirestoreV1.java:1321)
	at com.google.cloud.datastore.emulator.impl.firestore.CloudFirestoreV1WriteStream.handleRequest(CloudFirestoreV1WriteStream.java:222)
	at com.google.cloud.datastore.emulator.impl.firestore.CloudFirestoreV1WriteStream.write(CloudFirestoreV1WriteStream.java:144)
	at com.google.cloud.datastore.emulator.impl.firestore.CloudFirestoreV1WriteStream.onNext(CloudFirestoreV1WriteStream.java:99)
	at com.google.cloud.datastore.emulator.impl.firestore.CloudFirestoreV1WriteStream.onNext(CloudFirestoreV1WriteStream.java:27)
	at io.grpc.stub.ServerCalls$StreamingServerCallHandler$StreamingServerCallListener.onMessage(ServerCalls.java:262)
	at io.grpc.ForwardingServerCallListener.onMessage(ForwardingServerCallListener.java:33)
	at io.grpc.Contexts$ContextualizedServerCallListener.onMessage(Contexts.java:76)
	at io.grpc.ForwardingServerCallListener.onMessage(ForwardingServerCallListener.java:33)
	at io.grpc.Contexts$ContextualizedServerCallListener.onMessage(Contexts.java:76)
	at io.grpc.internal.ServerCallImpl$ServerStreamListenerImpl.messagesAvailableInternal(ServerCallImpl.java:334)
	at io.grpc.internal.ServerCallImpl$ServerStreamListenerImpl.messagesAvailable(ServerCallImpl.java:319)
	at io.grpc.internal.ServerImpl$JumpToApplicationThreadServerStreamListener$1MessagesAvailable.runInContext(ServerImpl.java:852)
	at io.grpc.internal.ContextRunnable.run(ContextRunnable.java:37)
	at io.grpc.internal.SerializingExecutor.run(SerializingExecutor.java:133)
	at java.base/java.util.concurrent.ThreadPoolExecutor.runWorker(ThreadPoolExecutor.java:1090)
	at java.base/java.util.concurrent.ThreadPoolExecutor$Worker.run(ThreadPoolExecutor.java:614)
	at java.base/java.lang.Thread.run(Thread.java:1474)

 {"metadata":{"emulator":{"name":"firestore"},"message":"Aug 25, 2026 7:25:31 PM com.google.cloud.datastore.emulator.impl.util.WrappedStreamObserver onError\r\nWARNING: Operation failed: \nfalse for 'create' @ L31, evaluation error at L47:24 for 'update' @ L47, false for 'create' @ L31\r\ncom.google.cloud.datastore.core.exception.DatastoreException: \nfalse for 'create' @ L31, evaluation error at L47:24 for 'update' @ L47, false for 'create' @ L31\r\n\tat com.google.cloud.datastore.core.exception.DatastoreException$Builder.build(DatastoreException.java:152)\r\n\tat com.google.cloud.datastore.emulator.impl.rules.DefaultEmulatorRulesAuthorizer.verboseError(DefaultEmulatorRulesAuthorizer.java:349)\r\n\tat com.google.cloud.datastore.emulator.impl.rules.DefaultEmulatorRulesAuthorizer.withVerboseErrors(DefaultEmulatorRulesAuthorizer.java:326)\r\n\tat com.google.cloud.datastore.emulator.impl.rules.DefaultEmulatorRulesAuthorizer.checkCommit(DefaultEmulatorRulesAuthorizer.java:113)\r\n\tat com.google.cloud.datastore.emulator.impl.firestore.FirestoreEmulatorHelper.commitHelper(FirestoreEmulatorHelper.java:407)\r\n\tat com.google.cloud.datastore.emulator.impl.firestore.FirestoreEmulatorHelper.internalCommit(FirestoreEmulatorHelper.java:348)\r\n\tat com.google.cloud.datastore.emulator.impl.firestore.CloudFirestoreV1.internalCommit(CloudFirestoreV1.java:1336)\r\n\tat com.google.cloud.datastore.emulator.impl.firestore.CloudFirestoreV1.write(CloudFirestoreV1.java:1321)\r\n\tat com.google.cloud.datastore.emulator.impl.firestore.CloudFirestoreV1WriteStream.handleRequest(CloudFirestoreV1WriteStream.java:222)\r\n\tat com.google.cloud.datastore.emulator.impl.firestore.CloudFirestoreV1WriteStream.write(CloudFirestoreV1WriteStream.java:144)\r\n\tat com.google.cloud.datastore.emulator.impl.firestore.CloudFirestoreV1WriteStream.onNext(CloudFirestoreV1WriteStream.java:99)\r\n\tat com.google.cloud.datastore.emulator.impl.firestore.CloudFirestoreV1WriteStream.onNext(CloudFirestoreV1WriteStream.java:27)\r\n\tat io.grpc.stub.ServerCalls$StreamingServerCallHandler$StreamingServerCallListener.onMessage(ServerCalls.java:262)\r\n\tat io.grpc.ForwardingServerCallListener.onMessage(ForwardingServerCallListener.java:33)\r\n\tat io.grpc.Contexts$ContextualizedServerCallListener.onMessage(Contexts.java:76)\r\n\tat io.grpc.ForwardingServerCallListener.onMessage(ForwardingServerCallListener.java:33)\r\n\tat io.grpc.Contexts$ContextualizedServerCallListener.onMessage(Contexts.java:76)\r\n\tat io.grpc.internal.ServerCallImpl$ServerStreamListenerImpl.messagesAvailableInternal(ServerCallImpl.java:334)\r\n\tat io.grpc.internal.ServerCallImpl$ServerStreamListenerImpl.messagesAvailable(ServerCallImpl.java:319)\r\n\tat io.grpc.internal.ServerImpl$JumpToApplicationThreadServerStreamListener$1MessagesAvailable.runInContext(ServerImpl.java:852)\r\n\tat io.grpc.internal.ContextRunnable.run(ContextRunnable.java:37)\r\n\tat io.grpc.internal.SerializingExecutor.run(SerializingExecutor.java:133)\r\n\tat java.base/java.util.concurrent.ThreadPoolExecutor.runWorker(ThreadPoolExecutor.java:1090)\r\n\tat java.base/java.util.concurrent.ThreadPoolExecutor$Worker.run(ThreadPoolExecutor.java:614)\r\n\tat java.base/java.lang.Thread.run(Thread.java:1474)\r\n\r\n"}}
[debug] [2026-08-25T11:25:31.364Z] Aug 25, 2026 7:25:31 PM com.google.cloud.datastore.emulator.impl.util.WrappedStreamObserver onError
WARNING: Operation failed: 
evaluation error at L47:24 for 'update' @ L47, false for 'update' @ L47
com.google.cloud.datastore.core.exception.DatastoreException: 
evaluation error at L47:24 for 'update' @ L47, false for 'update' @ L47
	at com.google.cloud.datastore.core.exception.DatastoreException$Builder.build(DatastoreException.java:152)
	at com.google.cloud.datastore.emulator.impl.rules.DefaultEmulatorRulesAuthorizer.verboseError(DefaultEmulatorRulesAuthorizer.java:349)
	at com.google.cloud.datastore.emulator.impl.rules.DefaultEmulatorRulesAuthorizer.withVerboseErrors(DefaultEmulatorRulesAuthorizer.java:326)
	at com.google.cloud.datastore.emulator.impl.rules.DefaultEmulatorRulesAuthorizer.checkCommit(DefaultEmulatorRulesAuthorizer.java:113)
	at com.google.cloud.datastore.emulator.impl.firestore.FirestoreEmulatorHelper.commitHelper(FirestoreEmulatorHelper.java:407)
	at com.google.cloud.datastore.emulator.impl.firestore.FirestoreEmulatorHelper.internalCommit(FirestoreEmulatorHelper.java:348)
	at com.google.cloud.datastore.emulator.impl.firestore.CloudFirestoreV1.internalCommit(CloudFirestoreV1.java:1336)
	at com.google.cloud.datastore.emulator.impl.firestore.CloudFirestoreV1.write(CloudFirestoreV1.java:1321)
	at com.google.cloud.datastore.emulator.impl.firestore.CloudFirestoreV1WriteStream.handleRequest(CloudFirestoreV1WriteStream.java:222)
	at com.google.cloud.datastore.emulator.impl.firestore.CloudFirestoreV1WriteStream.write(CloudFirestoreV1WriteStream.java:144)
	at com.google.cloud.datastore.emulator.impl.firestore.CloudFirestoreV1WriteStream.onNext(CloudFirestoreV1WriteStream.java:99)
	at com.google.cloud.datastore.emulator.impl.firestore.CloudFirestoreV1WriteStream.onNext(CloudFirestoreV1WriteStream.java:27)
	at io.grpc.stub.ServerCalls$StreamingServerCallHandler$StreamingServerCallListener.onMessage(ServerCalls.java:262)
	at io.grpc.ForwardingServerCallListener.onMessage(ForwardingServerCallListener.java:33)
	at io.grpc.Contexts$ContextualizedServerCallListener.onMessage(Contexts.java:76)
	at io.grpc.ForwardingServerCallListener.onMessage(ForwardingServerCallListener.java:33)
	at io.grpc.Contexts$ContextualizedServerCallListener.onMessage(Contexts.java:76)
	at io.grpc.internal.ServerCallImpl$ServerStreamListenerImpl.messagesAvailableInternal(ServerCallImpl.java:334)
	at io.grpc.internal.ServerCallImpl$ServerStreamListenerImpl.messagesAvailable(ServerCallImpl.java:319)
	at io.grpc.internal.ServerImpl$JumpToApplicationThreadServerStreamListener$1MessagesAvailable.runInContext(ServerImpl.java:852)
	at io.grpc.internal.ContextRunnable.run(ContextRunnable.java:37)
	at io.grpc.internal.SerializingExecutor.run(SerializingExecutor.java:133)
	at java.base/java.util.concurrent.ThreadPoolExecutor.runWorker(ThreadPoolExecutor.java:1090)
	at java.base/java.util.concurrent.ThreadPoolExecutor$Worker.run(ThreadPoolExecutor.java:614)
	at java.base/java.lang.Thread.run(Thread.java:1474)

 {"metadata":{"emulator":{"name":"firestore"},"message":"Aug 25, 2026 7:25:31 PM com.google.cloud.datastore.emulator.impl.util.WrappedStreamObserver onError\r\nWARNING: Operation failed: \nevaluation error at L47:24 for 'update' @ L47, false for 'update' @ L47\r\ncom.google.cloud.datastore.core.exception.DatastoreException: \nevaluation error at L47:24 for 'update' @ L47, false for 'update' @ L47\r\n\tat com.google.cloud.datastore.core.exception.DatastoreException$Builder.build(DatastoreException.java:152)\r\n\tat com.google.cloud.datastore.emulator.impl.rules.DefaultEmulatorRulesAuthorizer.verboseError(DefaultEmulatorRulesAuthorizer.java:349)\r\n\tat com.google.cloud.datastore.emulator.impl.rules.DefaultEmulatorRulesAuthorizer.withVerboseErrors(DefaultEmulatorRulesAuthorizer.java:326)\r\n\tat com.google.cloud.datastore.emulator.impl.rules.DefaultEmulatorRulesAuthorizer.checkCommit(DefaultEmulatorRulesAuthorizer.java:113)\r\n\tat com.google.cloud.datastore.emulator.impl.firestore.FirestoreEmulatorHelper.commitHelper(FirestoreEmulatorHelper.java:407)\r\n\tat com.google.cloud.datastore.emulator.impl.firestore.FirestoreEmulatorHelper.internalCommit(FirestoreEmulatorHelper.java:348)\r\n\tat com.google.cloud.datastore.emulator.impl.firestore.CloudFirestoreV1.internalCommit(CloudFirestoreV1.java:1336)\r\n\tat com.google.cloud.datastore.emulator.impl.firestore.CloudFirestoreV1.write(CloudFirestoreV1.java:1321)\r\n\tat com.google.cloud.datastore.emulator.impl.firestore.CloudFirestoreV1WriteStream.handleRequest(CloudFirestoreV1WriteStream.java:222)\r\n\tat com.google.cloud.datastore.emulator.impl.firestore.CloudFirestoreV1WriteStream.write(CloudFirestoreV1WriteStream.java:144)\r\n\tat com.google.cloud.datastore.emulator.impl.firestore.CloudFirestoreV1WriteStream.onNext(CloudFirestoreV1WriteStream.java:99)\r\n\tat com.google.cloud.datastore.emulator.impl.firestore.CloudFirestoreV1WriteStream.onNext(CloudFirestoreV1WriteStream.java:27)\r\n\tat io.grpc.stub.ServerCalls$StreamingServerCallHandler$StreamingServerCallListener.onMessage(ServerCalls.java:262)\r\n\tat io.grpc.ForwardingServerCallListener.onMessage(ForwardingServerCallListener.java:33)\r\n\tat io.grpc.Contexts$ContextualizedServerCallListener.onMessage(Contexts.java:76)\r\n\tat io.grpc.ForwardingServerCallListener.onMessage(ForwardingServerCallListener.java:33)\r\n\tat io.grpc.Contexts$ContextualizedServerCallListener.onMessage(Contexts.java:76)\r\n\tat io.grpc.internal.ServerCallImpl$ServerStreamListenerImpl.messagesAvailableInternal(ServerCallImpl.java:334)\r\n\tat io.grpc.internal.ServerCallImpl$ServerStreamListenerImpl.messagesAvailable(ServerCallImpl.java:319)\r\n\tat io.grpc.internal.ServerImpl$JumpToApplicationThreadServerStreamListener$1MessagesAvailable.runInContext(ServerImpl.java:852)\r\n\tat io.grpc.internal.ContextRunnable.run(ContextRunnable.java:37)\r\n\tat io.grpc.internal.SerializingExecutor.run(SerializingExecutor.java:133)\r\n\tat java.base/java.util.concurrent.ThreadPoolExecutor.runWorker(ThreadPoolExecutor.java:1090)\r\n\tat java.base/java.util.concurrent.ThreadPoolExecutor$Worker.run(ThreadPoolExecutor.java:614)\r\n\tat java.base/java.lang.Thread.run(Thread.java:1474)\r\n\r\n"}}
[debug] [2026-08-25T11:25:31.550Z] Aug 25, 2026 7:25:31 PM com.google.cloud.datastore.emulator.impl.util.WrappedStreamObserver onError
WARNING: Operation failed: 
false for 'create' @ L78, false for 'update' @ L78
com.google.cloud.datastore.core.exception.DatastoreException: 
false for 'create' @ L78, false for 'update' @ L78
	at com.google.cloud.datastore.core.exception.DatastoreException$Builder.build(DatastoreException.java:152)
	at com.google.cloud.datastore.emulator.impl.rules.DefaultEmulatorRulesAuthorizer.verboseError(DefaultEmulatorRulesAuthorizer.java:349)
	at com.google.cloud.datastore.emulator.impl.rules.DefaultEmulatorRulesAuthorizer.withVerboseErrors(DefaultEmulatorRulesAuthorizer.java:326)
	at com.google.cloud.datastore.emulator.impl.rules.DefaultEmulatorRulesAuthorizer.checkCommit(DefaultEmulatorRulesAuthorizer.java:113)
	at com.google.cloud.datastore.emulator.impl.firestore.FirestoreEmulatorHelper.commitHelper(FirestoreEmulatorHelper.java:407)
	at com.google.cloud.datastore.emulator.impl.firestore.FirestoreEmulatorHelper.internalCommit(FirestoreEmulatorHelper.java:348)
	at com.google.cloud.datastore.emulator.impl.firestore.CloudFirestoreV1.internalCommit(CloudFirestoreV1.java:1336)
	at com.google.cloud.datastore.emulator.impl.firestore.CloudFirestoreV1.write(CloudFirestoreV1.java:1321)
	at com.google.cloud.datastore.emulator.impl.firestore.CloudFirestoreV1WriteStream.handleRequest(CloudFirestoreV1WriteStream.java:222)
	at com.google.cloud.datastore.emulator.impl.firestore.CloudFirestoreV1WriteStream.write(CloudFirestoreV1WriteStream.java:144)
	at com.google.cloud.datastore.emulator.impl.firestore.CloudFirestoreV1WriteStream.onNext(CloudFirestoreV1WriteStream.java:99)
	at com.google.cloud.datastore.emulator.impl.firestore.CloudFirestoreV1WriteStream.onNext(CloudFirestoreV1WriteStream.java:27)
	at io.grpc.stub.ServerCalls$StreamingServerCallHandler$StreamingServerCallListener.onMessage(ServerCalls.java:262)
	at io.grpc.ForwardingServerCallListener.onMessage(ForwardingServerCallListener.java:33)
	at io.grpc.Contexts$ContextualizedServerCallListener.onMessage(Contexts.java:76)
	at io.grpc.ForwardingServerCallListener.onMessage(ForwardingServerCallListener.java:33)
	at io.grpc.Contexts$ContextualizedServerCallListener.onMessage(Contexts.java:76)
	at io.grpc.internal.ServerCallImpl$ServerStreamListenerImpl.messagesAvailableInternal(ServerCallImpl.java:334)
	at io.grpc.internal.ServerCallImpl$ServerStreamListenerImpl.messagesAvailable(ServerCallImpl.java:319)
	at io.grpc.internal.ServerImpl$JumpToApplicationThreadServerStreamListener$1MessagesAvailable.runInContext(ServerImpl.java:852)
	at io.grpc.internal.ContextRunnable.run(ContextRunnable.java:37)
	at io.grpc.internal.SerializingExecutor.run(SerializingExecutor.java:133)
	at java.base/java.util.concurrent.ThreadPoolExecutor.runWorker(ThreadPoolExecutor.java:1090)
	at java.base/java.util.concurrent.ThreadPoolExecutor$Worker.run(ThreadPoolExecutor.java:614)
	at java.base/java.lang.Thread.run(Thread.java:1474)

 {"metadata":{"emulator":{"name":"firestore"},"message":"Aug 25, 2026 7:25:31 PM com.google.cloud.datastore.emulator.impl.util.WrappedStreamObserver onError\r\nWARNING: Operation failed: \nfalse for 'create' @ L78, false for 'update' @ L78\r\ncom.google.cloud.datastore.core.exception.DatastoreException: \nfalse for 'create' @ L78, false for 'update' @ L78\r\n\tat com.google.cloud.datastore.core.exception.DatastoreException$Builder.build(DatastoreException.java:152)\r\n\tat com.google.cloud.datastore.emulator.impl.rules.DefaultEmulatorRulesAuthorizer.verboseError(DefaultEmulatorRulesAuthorizer.java:349)\r\n\tat com.google.cloud.datastore.emulator.impl.rules.DefaultEmulatorRulesAuthorizer.withVerboseErrors(DefaultEmulatorRulesAuthorizer.java:326)\r\n\tat com.google.cloud.datastore.emulator.impl.rules.DefaultEmulatorRulesAuthorizer.checkCommit(DefaultEmulatorRulesAuthorizer.java:113)\r\n\tat com.google.cloud.datastore.emulator.impl.firestore.FirestoreEmulatorHelper.commitHelper(FirestoreEmulatorHelper.java:407)\r\n\tat com.google.cloud.datastore.emulator.impl.firestore.FirestoreEmulatorHelper.internalCommit(FirestoreEmulatorHelper.java:348)\r\n\tat com.google.cloud.datastore.emulator.impl.firestore.CloudFirestoreV1.internalCommit(CloudFirestoreV1.java:1336)\r\n\tat com.google.cloud.datastore.emulator.impl.firestore.CloudFirestoreV1.write(CloudFirestoreV1.java:1321)\r\n\tat com.google.cloud.datastore.emulator.impl.firestore.CloudFirestoreV1WriteStream.handleRequest(CloudFirestoreV1WriteStream.java:222)\r\n\tat com.google.cloud.datastore.emulator.impl.firestore.CloudFirestoreV1WriteStream.write(CloudFirestoreV1WriteStream.java:144)\r\n\tat com.google.cloud.datastore.emulator.impl.firestore.CloudFirestoreV1WriteStream.onNext(CloudFirestoreV1WriteStream.java:99)\r\n\tat com.google.cloud.datastore.emulator.impl.firestore.CloudFirestoreV1WriteStream.onNext(CloudFirestoreV1WriteStream.java:27)\r\n\tat io.grpc.stub.ServerCalls$StreamingServerCallHandler$StreamingServerCallListener.onMessage(ServerCalls.java:262)\r\n\tat io.grpc.ForwardingServerCallListener.onMessage(ForwardingServerCallListener.java:33)\r\n\tat io.grpc.Contexts$ContextualizedServerCallListener.onMessage(Contexts.java:76)\r\n\tat io.grpc.ForwardingServerCallListener.onMessage(ForwardingServerCallListener.java:33)\r\n\tat io.grpc.Contexts$ContextualizedServerCallListener.onMessage(Contexts.java:76)\r\n\tat io.grpc.internal.ServerCallImpl$ServerStreamListenerImpl.messagesAvailableInternal(ServerCallImpl.java:334)\r\n\tat io.grpc.internal.ServerCallImpl$ServerStreamListenerImpl.messagesAvailable(ServerCallImpl.java:319)\r\n\tat io.grpc.internal.ServerImpl$JumpToApplicationThreadServerStreamListener$1MessagesAvailable.runInContext(ServerImpl.java:852)\r\n\tat io.grpc.internal.ContextRunnable.run(ContextRunnable.java:37)\r\n\tat io.grpc.internal.SerializingExecutor.run(SerializingExecutor.java:133)\r\n\tat java.base/java.util.concurrent.ThreadPoolExecutor.runWorker(ThreadPoolExecutor.java:1090)\r\n\tat java.base/java.util.concurrent.ThreadPoolExecutor$Worker.run(ThreadPoolExecutor.java:614)\r\n\tat java.base/java.lang.Thread.run(Thread.java:1474)\r\n\r\n"}}
[debug] [2026-08-25T11:25:31.703Z] Aug 25, 2026 7:25:31 PM com.google.cloud.datastore.emulator.impl.util.WrappedStreamObserver onError
WARNING: Operation failed: 
evaluation error at L95:24 for 'update' @ L95, false for 'update' @ L95
com.google.cloud.datastore.core.exception.DatastoreException: 
evaluation error at L95:24 for 'update' @ L95, false for 'update' @ L95
	at com.google.cloud.datastore.core.exception.DatastoreException$Builder.build(DatastoreException.java:152)
	at com.google.cloud.datastore.emulator.impl.rules.DefaultEmulatorRulesAuthorizer.verboseError(DefaultEmulatorRulesAuthorizer.java:349)
	at com.google.cloud.datastore.emulator.impl.rules.DefaultEmulatorRulesAuthorizer.withVerboseErrors(DefaultEmulatorRulesAuthorizer.java:326)
	at com.google.cloud.datastore.emulator.impl.rules.DefaultEmulatorRulesAuthorizer.checkCommit(DefaultEmulatorRulesAuthorizer.java:113)
	at com.google.cloud.datastore.emulator.impl.firestore.FirestoreEmulatorHelper.commitHelper(FirestoreEmulatorHelper.java:407)
	at com.google.cloud.datastore.emulator.impl.firestore.FirestoreEmulatorHelper.internalCommit(FirestoreEmulatorHelper.java:348)
	at com.google.cloud.datastore.emulator.impl.firestore.CloudFirestoreV1.internalCommit(CloudFirestoreV1.java:1336)
	at com.google.cloud.datastore.emulator.impl.firestore.CloudFirestoreV1.write(CloudFirestoreV1.java:1321)
	at com.google.cloud.datastore.emulator.impl.firestore.CloudFirestoreV1WriteStream.handleRequest(CloudFirestoreV1WriteStream.java:222)
	at com.google.cloud.datastore.emulator.impl.firestore.CloudFirestoreV1WriteStream.write(CloudFirestoreV1WriteStream.java:144)
	at com.google.cloud.datastore.emulator.impl.firestore.CloudFirestoreV1WriteStream.onNext(CloudFirestoreV1WriteStream.java:99)
	at com.google.cloud.datastore.emulator.impl.firestore.CloudFirestoreV1WriteStream.onNext(CloudFirestoreV1WriteStream.java:27)
	at io.grpc.stub.ServerCalls$StreamingServerCallHandler$StreamingServerCallListener.onMessage(ServerCalls.java:262)
	at io.grpc.ForwardingServerCallListener.onMessage(ForwardingServerCallListener.java:33)
	at io.grpc.Contexts$ContextualizedServerCallListener.onMessage(Contexts.java:76)
	at io.grpc.ForwardingServerCallListener.onMessage(ForwardingServerCallListener.java:33)
	at io.grpc.Contexts$ContextualizedServerCallListener.onMessage(Contexts.java:76)
	at io.grpc.internal.ServerCallImpl$ServerStreamListenerImpl.messagesAvailableInternal(ServerCallImpl.java:334)
	at io.grpc.internal.ServerCallImpl$ServerStreamListenerImpl.messagesAvailable(ServerCallImpl.java:319)
	at io.grpc.internal.ServerImpl$JumpToApplicationThreadServerStreamListener$1MessagesAvailable.runInContext(ServerImpl.java:852)
	at io.grpc.internal.ContextRunnable.run(ContextRunnable.java:37)
	at io.grpc.internal.SerializingExecutor.run(SerializingExecutor.java:133)
	at java.base/java.util.concurrent.ThreadPoolExecutor.runWorker(ThreadPoolExecutor.java:1090)
	at java.base/java.util.concurrent.ThreadPoolExecutor$Worker.run(ThreadPoolExecutor.java:614)
	at java.base/java.lang.Thread.run(Thread.java:1474)

 {"metadata":{"emulator":{"name":"firestore"},"message":"Aug 25, 2026 7:25:31 PM com.google.cloud.datastore.emulator.impl.util.WrappedStreamObserver onError\r\nWARNING: Operation failed: \nevaluation error at L95:24 for 'update' @ L95, false for 'update' @ L95\r\ncom.google.cloud.datastore.core.exception.DatastoreException: \nevaluation error at L95:24 for 'update' @ L95, false for 'update' @ L95\r\n\tat com.google.cloud.datastore.core.exception.DatastoreException$Builder.build(DatastoreException.java:152)\r\n\tat com.google.cloud.datastore.emulator.impl.rules.DefaultEmulatorRulesAuthorizer.verboseError(DefaultEmulatorRulesAuthorizer.java:349)\r\n\tat com.google.cloud.datastore.emulator.impl.rules.DefaultEmulatorRulesAuthorizer.withVerboseErrors(DefaultEmulatorRulesAuthorizer.java:326)\r\n\tat com.google.cloud.datastore.emulator.impl.rules.DefaultEmulatorRulesAuthorizer.checkCommit(DefaultEmulatorRulesAuthorizer.java:113)\r\n\tat com.google.cloud.datastore.emulator.impl.firestore.FirestoreEmulatorHelper.commitHelper(FirestoreEmulatorHelper.java:407)\r\n\tat com.google.cloud.datastore.emulator.impl.firestore.FirestoreEmulatorHelper.internalCommit(FirestoreEmulatorHelper.java:348)\r\n\tat com.google.cloud.datastore.emulator.impl.firestore.CloudFirestoreV1.internalCommit(CloudFirestoreV1.java:1336)\r\n\tat com.google.cloud.datastore.emulator.impl.firestore.CloudFirestoreV1.write(CloudFirestoreV1.java:1321)\r\n\tat com.google.cloud.datastore.emulator.impl.firestore.CloudFirestoreV1WriteStream.handleRequest(CloudFirestoreV1WriteStream.java:222)\r\n\tat com.google.cloud.datastore.emulator.impl.firestore.CloudFirestoreV1WriteStream.write(CloudFirestoreV1WriteStream.java:144)\r\n\tat com.google.cloud.datastore.emulator.impl.firestore.CloudFirestoreV1WriteStream.onNext(CloudFirestoreV1WriteStream.java:99)\r\n\tat com.google.cloud.datastore.emulator.impl.firestore.CloudFirestoreV1WriteStream.onNext(CloudFirestoreV1WriteStream.java:27)\r\n\tat io.grpc.stub.ServerCalls$StreamingServerCallHandler$StreamingServerCallListener.onMessage(ServerCalls.java:262)\r\n\tat io.grpc.ForwardingServerCallListener.onMessage(ForwardingServerCallListener.java:33)\r\n\tat io.grpc.Contexts$ContextualizedServerCallListener.onMessage(Contexts.java:76)\r\n\tat io.grpc.ForwardingServerCallListener.onMessage(ForwardingServerCallListener.java:33)\r\n\tat io.grpc.Contexts$ContextualizedServerCallListener.onMessage(Contexts.java:76)\r\n\tat io.grpc.internal.ServerCallImpl$ServerStreamListenerImpl.messagesAvailableInternal(ServerCallImpl.java:334)\r\n\tat io.grpc.internal.ServerCallImpl$ServerStreamListenerImpl.messagesAvailable(ServerCallImpl.java:319)\r\n\tat io.grpc.internal.ServerImpl$JumpToApplicationThreadServerStreamListener$1MessagesAvailable.runInContext(ServerImpl.java:852)\r\n\tat io.grpc.internal.ContextRunnable.run(ContextRunnable.java:37)\r\n\tat io.grpc.internal.SerializingExecutor.run(SerializingExecutor.java:133)\r\n\tat java.base/java.util.concurrent.ThreadPoolExecutor.runWorker(ThreadPoolExecutor.java:1090)\r\n\tat java.base/java.util.concurrent.ThreadPoolExecutor$Worker.run(ThreadPoolExecutor.java:614)\r\n\tat java.base/java.lang.Thread.run(Thread.java:1474)\r\n\r\n"}}
[debug] [2026-08-25T11:25:31.847Z] Aug 25, 2026 7:25:31 PM com.google.cloud.datastore.emulator.impl.util.WrappedStreamObserver onError
WARNING: Operation failed: 
evaluation error at L113:24 for 'update' @ L113, false for 'update' @ L113
com.google.cloud.datastore.core.exception.DatastoreException: 
evaluation error at L113:24 for 'update' @ L113, false for 'update' @ L113
	at com.google.cloud.datastore.core.exception.DatastoreException$Builder.build(DatastoreException.java:152)
	at com.google.cloud.datastore.emulator.impl.rules.DefaultEmulatorRulesAuthorizer.verboseError(DefaultEmulatorRulesAuthorizer.java:349)
	at com.google.cloud.datastore.emulator.impl.rules.DefaultEmulatorRulesAuthorizer.withVerboseErrors(DefaultEmulatorRulesAuthorizer.java:326)
	at com.google.cloud.datastore.emulator.impl.rules.DefaultEmulatorRulesAuthorizer.checkCommit(DefaultEmulatorRulesAuthorizer.java:113)
	at com.google.cloud.datastore.emulator.impl.firestore.FirestoreEmulatorHelper.commitHelper(FirestoreEmulatorHelper.java:407)
	at com.google.cloud.datastore.emulator.impl.firestore.FirestoreEmulatorHelper.internalCommit(FirestoreEmulatorHelper.java:348)
	at com.google.cloud.datastore.emulator.impl.firestore.CloudFirestoreV1.internalCommit(CloudFirestoreV1.java:1336)
	at com.google.cloud.datastore.emulator.impl.firestore.CloudFirestoreV1.write(CloudFirestoreV1.java:1321)
	at com.google.cloud.datastore.emulator.impl.firestore.CloudFirestoreV1WriteStream.handleRequest(CloudFirestoreV1WriteStream.java:222)
	at com.google.cloud.datastore.emulator.impl.firestore.CloudFirestoreV1WriteStream.write(CloudFirestoreV1WriteStream.java:144)
	at com.google.cloud.datastore.emulator.impl.firestore.CloudFirestoreV1WriteStream.onNext(CloudFirestoreV1WriteStream.java:99)
	at com.google.cloud.datastore.emulator.impl.firestore.CloudFirestoreV1WriteStream.onNext(CloudFirestoreV1WriteStream.java:27)
	at io.grpc.stub.ServerCalls$StreamingServerCallHandler$StreamingServerCallListener.onMessage(ServerCalls.java:262)
	at io.grpc.ForwardingServerCallListener.onMessage(ForwardingServerCallListener.java:33)
	at io.grpc.Contexts$ContextualizedServerCallListener.onMessage(Contexts.java:76)
	at io.grpc.ForwardingServerCallListener.onMessage(ForwardingServerCallListener.java:33)
	at io.grpc.Contexts$ContextualizedServerCallListener.onMessage(Contexts.java:76)
	at io.grpc.internal.ServerCallImpl$ServerStreamListenerImpl.messagesAvailableInternal(ServerCallImpl.java:334)
	at io.grpc.internal.ServerCallImpl$ServerStreamListenerImpl.messagesAvailable(ServerCallImpl.java:319)
	at io.grpc.internal.ServerImpl$JumpToApplicationThreadServerStreamListener$1MessagesAvailable.runInContext(ServerImpl.java:852)
	at io.grpc.internal.ContextRunnable.run(ContextRunnable.java:37)
	at io.grpc.internal.SerializingExecutor.run(SerializingExecutor.java:133)
	at java.base/java.util.concurrent.ThreadPoolExecutor.runWorker(ThreadPoolExecutor.java:1090)
	at java.base/java.util.concurrent.ThreadPoolExecutor$Worker.run(ThreadPoolExecutor.java:614)
	at java.base/java.lang.Thread.run(Thread.java:1474)

 {"metadata":{"emulator":{"name":"firestore"},"message":"Aug 25, 2026 7:25:31 PM com.google.cloud.datastore.emulator.impl.util.WrappedStreamObserver onError\r\nWARNING: Operation failed: \nevaluation error at L113:24 for 'update' @ L113, false for 'update' @ L113\r\ncom.google.cloud.datastore.core.exception.DatastoreException: \nevaluation error at L113:24 for 'update' @ L113, false for 'update' @ L113\r\n\tat com.google.cloud.datastore.core.exception.DatastoreException$Builder.build(DatastoreException.java:152)\r\n\tat com.google.cloud.datastore.emulator.impl.rules.DefaultEmulatorRulesAuthorizer.verboseError(DefaultEmulatorRulesAuthorizer.java:349)\r\n\tat com.google.cloud.datastore.emulator.impl.rules.DefaultEmulatorRulesAuthorizer.withVerboseErrors(DefaultEmulatorRulesAuthorizer.java:326)\r\n\tat com.google.cloud.datastore.emulator.impl.rules.DefaultEmulatorRulesAuthorizer.checkCommit(DefaultEmulatorRulesAuthorizer.java:113)\r\n\tat com.google.cloud.datastore.emulator.impl.firestore.FirestoreEmulatorHelper.commitHelper(FirestoreEmulatorHelper.java:407)\r\n\tat com.google.cloud.datastore.emulator.impl.firestore.FirestoreEmulatorHelper.internalCommit(FirestoreEmulatorHelper.java:348)\r\n\tat com.google.cloud.datastore.emulator.impl.firestore.CloudFirestoreV1.internalCommit(CloudFirestoreV1.java:1336)\r\n\tat com.google.cloud.datastore.emulator.impl.firestore.CloudFirestoreV1.write(CloudFirestoreV1.java:1321)\r\n\tat com.google.cloud.datastore.emulator.impl.firestore.CloudFirestoreV1WriteStream.handleRequest(CloudFirestoreV1WriteStream.java:222)\r\n\tat com.google.cloud.datastore.emulator.impl.firestore.CloudFirestoreV1WriteStream.write(CloudFirestoreV1WriteStream.java:144)\r\n\tat com.google.cloud.datastore.emulator.impl.firestore.CloudFirestoreV1WriteStream.onNext(CloudFirestoreV1WriteStream.java:99)\r\n\tat com.google.cloud.datastore.emulator.impl.firestore.CloudFirestoreV1WriteStream.onNext(CloudFirestoreV1WriteStream.java:27)\r\n\tat io.grpc.stub.ServerCalls$StreamingServerCallHandler$StreamingServerCallListener.onMessage(ServerCalls.java:262)\r\n\tat io.grpc.ForwardingServerCallListener.onMessage(ForwardingServerCallListener.java:33)\r\n\tat io.grpc.Contexts$ContextualizedServerCallListener.onMessage(Contexts.java:76)\r\n\tat io.grpc.ForwardingServerCallListener.onMessage(ForwardingServerCallListener.java:33)\r\n\tat io.grpc.Contexts$ContextualizedServerCallListener.onMessage(Contexts.java:76)\r\n\tat io.grpc.internal.ServerCallImpl$ServerStreamListenerImpl.messagesAvailableInternal(ServerCallImpl.java:334)\r\n\tat io.grpc.internal.ServerCallImpl$ServerStreamListenerImpl.messagesAvailable(ServerCallImpl.java:319)\r\n\tat io.grpc.internal.ServerImpl$JumpToApplicationThreadServerStreamListener$1MessagesAvailable.runInContext(ServerImpl.java:852)\r\n\tat io.grpc.internal.ContextRunnable.run(ContextRunnable.java:37)\r\n\tat io.grpc.internal.SerializingExecutor.run(SerializingExecutor.java:133)\r\n\tat java.base/java.util.concurrent.ThreadPoolExecutor.runWorker(ThreadPoolExecutor.java:1090)\r\n\tat java.base/java.util.concurrent.ThreadPoolExecutor$Worker.run(ThreadPoolExecutor.java:614)\r\n\tat java.base/java.lang.Thread.run(Thread.java:1474)\r\n\r\n"}}
[debug] [2026-08-25T11:25:31.998Z] Aug 25, 2026 7:25:31 PM com.google.cloud.datastore.emulator.impl.util.WrappedStreamObserver onError
WARNING: Operation failed: 
false for 'delete' @ L117
com.google.cloud.datastore.core.exception.DatastoreException: 
false for 'delete' @ L117
	at com.google.cloud.datastore.core.exception.DatastoreException$Builder.build(DatastoreException.java:152)
	at com.google.cloud.datastore.emulator.impl.rules.DefaultEmulatorRulesAuthorizer.verboseError(DefaultEmulatorRulesAuthorizer.java:349)
	at com.google.cloud.datastore.emulator.impl.rules.DefaultEmulatorRulesAuthorizer.withVerboseErrors(DefaultEmulatorRulesAuthorizer.java:326)
	at com.google.cloud.datastore.emulator.impl.rules.DefaultEmulatorRulesAuthorizer.checkCommit(DefaultEmulatorRulesAuthorizer.java:113)
	at com.google.cloud.datastore.emulator.impl.firestore.FirestoreEmulatorHelper.commitHelper(FirestoreEmulatorHelper.java:407)
	at com.google.cloud.datastore.emulator.impl.firestore.FirestoreEmulatorHelper.internalCommit(FirestoreEmulatorHelper.java:348)
	at com.google.cloud.datastore.emulator.impl.firestore.CloudFirestoreV1.internalCommit(CloudFirestoreV1.java:1336)
	at com.google.cloud.datastore.emulator.impl.firestore.CloudFirestoreV1.write(CloudFirestoreV1.java:1321)
	at com.google.cloud.datastore.emulator.impl.firestore.CloudFirestoreV1WriteStream.handleRequest(CloudFirestoreV1WriteStream.java:222)
	at com.google.cloud.datastore.emulator.impl.firestore.CloudFirestoreV1WriteStream.write(CloudFirestoreV1WriteStream.java:144)
	at com.google.cloud.datastore.emulator.impl.firestore.CloudFirestoreV1WriteStream.onNext(CloudFirestoreV1WriteStream.java:99)
	at com.google.cloud.datastore.emulator.impl.firestore.CloudFirestoreV1WriteStream.onNext(CloudFirestoreV1WriteStream.java:27)
	at io.grpc.stub.ServerCalls$StreamingServerCallHandler$StreamingServerCallListener.onMessage(ServerCalls.java:262)
	at io.grpc.ForwardingServerCallListener.onMessage(ForwardingServerCallListener.java:33)
	at io.grpc.Contexts$ContextualizedServerCallListener.onMessage(Contexts.java:76)
	at io.grpc.ForwardingServerCallListener.onMessage(ForwardingServerCallListener.java:33)
	at io.grpc.Contexts$ContextualizedServerCallListener.onMessage(Contexts.java:76)
	at io.grpc.internal.ServerCallImpl$ServerStreamListenerImpl.messagesAvailableInternal(ServerCallImpl.java:334)
	at io.grpc.internal.ServerCallImpl$ServerStreamListenerImpl.messagesAvailable(ServerCallImpl.java:319)
	at io.grpc.internal.ServerImpl$JumpToApplicationThreadServerStreamListener$1MessagesAvailable.runInContext(ServerImpl.java:852)
	at io.grpc.internal.ContextRunnable.run(ContextRunnable.java:37)
	at io.grpc.internal.SerializingExecutor.run(SerializingExecutor.java:133)
	at java.base/java.util.concurrent.ThreadPoolExecutor.runWorker(ThreadPoolExecutor.java:1090)
	at java.base/java.util.concurrent.ThreadPoolExecutor$Worker.run(ThreadPoolExecutor.java:614)
	at java.base/java.lang.Thread.run(Thread.java:1474)

 {"metadata":{"emulator":{"name":"firestore"},"message":"Aug 25, 2026 7:25:31 PM com.google.cloud.datastore.emulator.impl.util.WrappedStreamObserver onError\r\nWARNING: Operation failed: \nfalse for 'delete' @ L117\r\ncom.google.cloud.datastore.core.exception.DatastoreException: \nfalse for 'delete' @ L117\r\n\tat com.google.cloud.datastore.core.exception.DatastoreException$Builder.build(DatastoreException.java:152)\r\n\tat com.google.cloud.datastore.emulator.impl.rules.DefaultEmulatorRulesAuthorizer.verboseError(DefaultEmulatorRulesAuthorizer.java:349)\r\n\tat com.google.cloud.datastore.emulator.impl.rules.DefaultEmulatorRulesAuthorizer.withVerboseErrors(DefaultEmulatorRulesAuthorizer.java:326)\r\n\tat com.google.cloud.datastore.emulator.impl.rules.DefaultEmulatorRulesAuthorizer.checkCommit(DefaultEmulatorRulesAuthorizer.java:113)\r\n\tat com.google.cloud.datastore.emulator.impl.firestore.FirestoreEmulatorHelper.commitHelper(FirestoreEmulatorHelper.java:407)\r\n\tat com.google.cloud.datastore.emulator.impl.firestore.FirestoreEmulatorHelper.internalCommit(FirestoreEmulatorHelper.java:348)\r\n\tat com.google.cloud.datastore.emulator.impl.firestore.CloudFirestoreV1.internalCommit(CloudFirestoreV1.java:1336)\r\n\tat com.google.cloud.datastore.emulator.impl.firestore.CloudFirestoreV1.write(CloudFirestoreV1.java:1321)\r\n\tat com.google.cloud.datastore.emulator.impl.firestore.CloudFirestoreV1WriteStream.handleRequest(CloudFirestoreV1WriteStream.java:222)\r\n\tat com.google.cloud.datastore.emulator.impl.firestore.CloudFirestoreV1WriteStream.write(CloudFirestoreV1WriteStream.java:144)\r\n\tat com.google.cloud.datastore.emulator.impl.firestore.CloudFirestoreV1WriteStream.onNext(CloudFirestoreV1WriteStream.java:99)\r\n\tat com.google.cloud.datastore.emulator.impl.firestore.CloudFirestoreV1WriteStream.onNext(CloudFirestoreV1WriteStream.java:27)\r\n\tat io.grpc.stub.ServerCalls$StreamingServerCallHandler$StreamingServerCallListener.onMessage(ServerCalls.java:262)\r\n\tat io.grpc.ForwardingServerCallListener.onMessage(ForwardingServerCallListener.java:33)\r\n\tat io.grpc.Contexts$ContextualizedServerCallListener.onMessage(Contexts.java:76)\r\n\tat io.grpc.ForwardingServerCallListener.onMessage(ForwardingServerCallListener.java:33)\r\n\tat io.grpc.Contexts$ContextualizedServerCallListener.onMessage(Contexts.java:76)\r\n\tat io.grpc.internal.ServerCallImpl$ServerStreamListenerImpl.messagesAvailableInternal(ServerCallImpl.java:334)\r\n\tat io.grpc.internal.ServerCallImpl$ServerStreamListenerImpl.messagesAvailable(ServerCallImpl.java:319)\r\n\tat io.grpc.internal.ServerImpl$JumpToApplicationThreadServerStreamListener$1MessagesAvailable.runInContext(ServerImpl.java:852)\r\n\tat io.grpc.internal.ContextRunnable.run(ContextRunnable.java:37)\r\n\tat io.grpc.internal.SerializingExecutor.run(SerializingExecutor.java:133)\r\n\tat java.base/java.util.concurrent.ThreadPoolExecutor.runWorker(ThreadPoolExecutor.java:1090)\r\n\tat java.base/java.util.concurrent.ThreadPoolExecutor$Worker.run(ThreadPoolExecutor.java:614)\r\n\tat java.base/java.lang.Thread.run(Thread.java:1474)\r\n\r\n"}}
[debug] [2026-08-25T11:25:32.029Z] Aug 25, 2026 7:25:32 PM io.netty.channel.DefaultChannelPipeline onUnhandledInboundException
WARNING: An exceptionCaught() event was fired, and it reached at the tail of the pipeline. It usually means the last handler in the pipeline did not handle the exception.
java.net.SocketException: Connection reset
	at java.base/sun.nio.ch.SocketChannelImpl.throwConnectionReset(SocketChannelImpl.java:399)
	at java.base/sun.nio.ch.SocketChannelImpl.implRead(SocketChannelImpl.java:431)
	at java.base/sun.nio.ch.SocketChannelImpl.read(SocketChannelImpl.java:489)
	at io.netty.buffer.PooledByteBuf.setBytes(PooledByteBuf.java:255)
	at io.netty.buffer.AbstractByteBuf.writeBytes(AbstractByteBuf.java:1132)
	at io.netty.channel.socket.nio.NioSocketChannel.doReadBytes(NioSocketChannel.java:356)
	at io.netty.channel.nio.AbstractNioByteChannel$NioByteUnsafe.read(AbstractNioByteChannel.java:156)
	at io.netty.channel.nio.NioEventLoop.processSelectedKey(NioEventLoop.java:796)
	at io.netty.channel.nio.NioEventLoop.processSelectedKeysOptimized(NioEventLoop.java:732)
	at io.netty.channel.nio.NioEventLoop.processSelectedKeys(NioEventLoop.java:658)
	at io.netty.channel.nio.NioEventLoop.run(NioEventLoop.java:562)
	at io.netty.util.concurrent.SingleThreadEventExecutor$4.run(SingleThreadEventExecutor.java:998)
	at io.netty.util.internal.ThreadExecutorMap$2.run(ThreadExecutorMap.java:74)
	at io.netty.util.concurrent.FastThreadLocalRunnable.run(FastThreadLocalRunnable.java:30)
	at java.base/java.lang.Thread.run(Thread.java:1474)

 {"metadata":{"emulator":{"name":"firestore"},"message":"Aug 25, 2026 7:25:32 PM io.netty.channel.DefaultChannelPipeline onUnhandledInboundException\r\nWARNING: An exceptionCaught() event was fired, and it reached at the tail of the pipeline. It usually means the last handler in the pipeline did not handle the exception.\r\njava.net.SocketException: Connection reset\r\n\tat java.base/sun.nio.ch.SocketChannelImpl.throwConnectionReset(SocketChannelImpl.java:399)\r\n\tat java.base/sun.nio.ch.SocketChannelImpl.implRead(SocketChannelImpl.java:431)\r\n\tat java.base/sun.nio.ch.SocketChannelImpl.read(SocketChannelImpl.java:489)\r\n\tat io.netty.buffer.PooledByteBuf.setBytes(PooledByteBuf.java:255)\r\n\tat io.netty.buffer.AbstractByteBuf.writeBytes(AbstractByteBuf.java:1132)\r\n\tat io.netty.channel.socket.nio.NioSocketChannel.doReadBytes(NioSocketChannel.java:356)\r\n\tat io.netty.channel.nio.AbstractNioByteChannel$NioByteUnsafe.read(AbstractNioByteChannel.java:156)\r\n\tat io.netty.channel.nio.NioEventLoop.processSelectedKey(NioEventLoop.java:796)\r\n\tat io.netty.channel.nio.NioEventLoop.processSelectedKeysOptimized(NioEventLoop.java:732)\r\n\tat io.netty.channel.nio.NioEventLoop.processSelectedKeys(NioEventLoop.java:658)\r\n\tat io.netty.channel.nio.NioEventLoop.run(NioEventLoop.java:562)\r\n\tat io.netty.util.concurrent.SingleThreadEventExecutor$4.run(SingleThreadEventExecutor.java:998)\r\n\tat io.netty.util.internal.ThreadExecutorMap$2.run(ThreadExecutorMap.java:74)\r\n\tat io.netty.util.concurrent.FastThreadLocalRunnable.run(FastThreadLocalRunnable.java:30)\r\n\tat java.base/java.lang.Thread.run(Thread.java:1474)\r\n\r\n"}}
[debug] [2026-08-25T11:25:32.030Z] Aug 25, 2026 7:25:32 PM io.netty.channel.DefaultChannelPipeline onUnhandledInboundException
WARNING: An exceptionCaught() event was fired, and it reached at the tail of the pipeline. It usually means the last handler in the pipeline did not handle the exception.
java.net.SocketException: Connection reset
	at java.base/sun.nio.ch.SocketChannelImpl.throwConnectionReset(SocketChannelImpl.java:399)
	at java.base/sun.nio.ch.SocketChannelImpl.implRead(SocketChannelImpl.java:431)
	at java.base/sun.nio.ch.SocketChannelImpl.read(SocketChannelImpl.java:489)
	at io.netty.buffer.PooledByteBuf.setBytes(PooledByteBuf.java:255)
	at io.netty.buffer.AbstractByteBuf.writeBytes(AbstractByteBuf.java:1132)
	at io.netty.channel.socket.nio.NioSocketChannel.doReadBytes(NioSocketChannel.java:356)
	at io.netty.channel.nio.AbstractNioByteChannel$NioByteUnsafe.read(AbstractNioByteChannel.java:156)
	at io.netty.channel.nio.NioEventLoop.processSelectedKey(NioEventLoop.java:796)
	at io.netty.channel.nio.NioEventLoop.processSelectedKeysOptimized(NioEventLoop.java:732)
	at io.netty.channel.nio.NioEventLoop.processSelectedKeys(NioEventLoop.java:658)
	at io.netty.channel.nio.NioEventLoop.run(NioEventLoop.java:562)
	at io.netty.util.concurrent.SingleThreadEventExecutor$4.run(SingleThreadEventExecutor.java:998)
	at io.netty.util.internal.ThreadExecutorMap$2.run(ThreadExecutorMap.java:74)
	at io.netty.util.concurrent.FastThreadLocalRunnable.run(FastThreadLocalRunnable.java:30)
	at java.base/java.lang.Thread.run(Thread.java:1474)

 {"metadata":{"emulator":{"name":"firestore"},"message":"Aug 25, 2026 7:25:32 PM io.netty.channel.DefaultChannelPipeline onUnhandledInboundException\r\nWARNING: An exceptionCaught() event was fired, and it reached at the tail of the pipeline. It usually means the last handler in the pipeline did not handle the exception.\r\njava.net.SocketException: Connection reset\r\n\tat java.base/sun.nio.ch.SocketChannelImpl.throwConnectionReset(SocketChannelImpl.java:399)\r\n\tat java.base/sun.nio.ch.SocketChannelImpl.implRead(SocketChannelImpl.java:431)\r\n\tat java.base/sun.nio.ch.SocketChannelImpl.read(SocketChannelImpl.java:489)\r\n\tat io.netty.buffer.PooledByteBuf.setBytes(PooledByteBuf.java:255)\r\n\tat io.netty.buffer.AbstractByteBuf.writeBytes(AbstractByteBuf.java:1132)\r\n\tat io.netty.channel.socket.nio.NioSocketChannel.doReadBytes(NioSocketChannel.java:356)\r\n\tat io.netty.channel.nio.AbstractNioByteChannel$NioByteUnsafe.read(AbstractNioByteChannel.java:156)\r\n\tat io.netty.channel.nio.NioEventLoop.processSelectedKey(NioEventLoop.java:796)\r\n\tat io.netty.channel.nio.NioEventLoop.processSelectedKeysOptimized(NioEventLoop.java:732)\r\n\tat io.netty.channel.nio.NioEventLoop.processSelectedKeys(NioEventLoop.java:658)\r\n\tat io.netty.channel.nio.NioEventLoop.run(NioEventLoop.java:562)\r\n\tat io.netty.util.concurrent.SingleThreadEventExecutor$4.run(SingleThreadEventExecutor.java:998)\r\n\tat io.netty.util.internal.ThreadExecutorMap$2.run(ThreadExecutorMap.java:74)\r\n\tat io.netty.util.concurrent.FastThreadLocalRunnable.run(FastThreadLocalRunnable.java:30)\r\n\tat java.base/java.lang.Thread.run(Thread.java:1474)\r\n\r\n"}}
[debug] [2026-08-25T11:26:18.242Z] Aug 25, 2026 7:26:18 PM io.gapi.emulators.netty.HttpVersionRoutingHandler channelRead
INFO: Detected non-HTTP/2 connection.
 {"metadata":{"emulator":{"name":"firestore"},"message":"Aug 25, 2026 7:26:18 PM io.gapi.emulators.netty.HttpVersionRoutingHandler channelRead\r\nINFO: Detected non-HTTP/2 connection.\r\n"}}
[debug] [2026-08-25T11:26:18.278Z] Aug 25, 2026 7:26:18 PM io.gapi.emulators.netty.HttpVersionRoutingHandler channelRead
INFO: Detected non-HTTP/2 connection.
 {"metadata":{"emulator":{"name":"firestore"},"message":"Aug 25, 2026 7:26:18 PM io.gapi.emulators.netty.HttpVersionRoutingHandler channelRead\r\nINFO: Detected non-HTTP/2 connection.\r\n"}}
[debug] [2026-08-25T11:26:18.341Z] Aug 25, 2026 7:26:18 PM io.gapi.emulators.netty.HttpVersionRoutingHandler channelRead
INFO: Detected HTTP/2 connection.
 {"metadata":{"emulator":{"name":"firestore"},"message":"Aug 25, 2026 7:26:18 PM io.gapi.emulators.netty.HttpVersionRoutingHandler channelRead\r\nINFO: Detected HTTP/2 connection.\r\n"}}
[debug] [2026-08-25T11:26:18.355Z] Aug 25, 2026 7:26:18 PM com.google.cloud.datastore.emulator.impl.util.WrappedStreamObserver onError
WARNING: Operation failed: 
false for 'create' @ L18, false for 'update' @ L18
com.google.cloud.datastore.core.exception.DatastoreException: 
false for 'create' @ L18, false for 'update' @ L18
	at com.google.cloud.datastore.core.exception.DatastoreException$Builder.build(DatastoreException.java:152)
	at com.google.cloud.datastore.emulator.impl.rules.DefaultEmulatorRulesAuthorizer.verboseError(DefaultEmulatorRulesAuthorizer.java:349)
	at com.google.cloud.datastore.emulator.impl.rules.DefaultEmulatorRulesAuthorizer.withVerboseErrors(DefaultEmulatorRulesAuthorizer.java:326)
	at com.google.cloud.datastore.emulator.impl.rules.DefaultEmulatorRulesAuthorizer.checkCommit(DefaultEmulatorRulesAuthorizer.java:113)
	at com.google.cloud.datastore.emulator.impl.firestore.FirestoreEmulatorHelper.commitHelper(FirestoreEmulatorHelper.java:407)
	at com.google.cloud.datastore.emulator.impl.firestore.FirestoreEmulatorHelper.internalCommit(FirestoreEmulatorHelper.java:348)
	at com.google.cloud.datastore.emulator.impl.firestore.CloudFirestoreV1.internalCommit(CloudFirestoreV1.java:1336)
	at com.google.cloud.datastore.emulator.impl.firestore.CloudFirestoreV1.write(CloudFirestoreV1.java:1321)
	at com.google.cloud.datastore.emulator.impl.firestore.CloudFirestoreV1WriteStream.handleRequest(CloudFirestoreV1WriteStream.java:222)
	at com.google.cloud.datastore.emulator.impl.firestore.CloudFirestoreV1WriteStream.write(CloudFirestoreV1WriteStream.java:144)
	at com.google.cloud.datastore.emulator.impl.firestore.CloudFirestoreV1WriteStream.onNext(CloudFirestoreV1WriteStream.java:99)
	at com.google.cloud.datastore.emulator.impl.firestore.CloudFirestoreV1WriteStream.onNext(CloudFirestoreV1WriteStream.java:27)
	at io.grpc.stub.ServerCalls$StreamingServerCallHandler$StreamingServerCallListener.onMessage(ServerCalls.java:262)
	at io.grpc.ForwardingServerCallListener.onMessage(ForwardingServerCallListener.java:33)
	at io.grpc.Contexts$ContextualizedServerCallListener.onMessage(Contexts.java:76)
	at io.grpc.ForwardingServerCallListener.onMessage(ForwardingServerCallListener.java:33)
	at io.grpc.Contexts$ContextualizedServerCallListener.onMessage(Contexts.java:76)
	at io.grpc.internal.ServerCallImpl$ServerStreamListenerImpl.messagesAvailableInternal(ServerCallImpl.java:334)
	at io.grpc.internal.ServerCallImpl$ServerStreamListenerImpl.messagesAvailable(ServerCallImpl.java:319)
	at io.grpc.internal.ServerImpl$JumpToApplicationThreadServerStreamListener$1MessagesAvailable.runInContext(ServerImpl.java:852)
	at io.grpc.internal.ContextRunnable.run(ContextRunnable.java:37)
	at io.grpc.internal.SerializingExecutor.run(SerializingExecutor.java:133)
	at java.base/java.util.concurrent.ThreadPoolExecutor.runWorker(ThreadPoolExecutor.java:1090)
	at java.base/java.util.concurrent.ThreadPoolExecutor$Worker.run(ThreadPoolExecutor.java:614)
	at java.base/java.lang.Thread.run(Thread.java:1474)

 {"metadata":{"emulator":{"name":"firestore"},"message":"Aug 25, 2026 7:26:18 PM com.google.cloud.datastore.emulator.impl.util.WrappedStreamObserver onError\r\nWARNING: Operation failed: \nfalse for 'create' @ L18, false for 'update' @ L18\r\ncom.google.cloud.datastore.core.exception.DatastoreException: \nfalse for 'create' @ L18, false for 'update' @ L18\r\n\tat com.google.cloud.datastore.core.exception.DatastoreException$Builder.build(DatastoreException.java:152)\r\n\tat com.google.cloud.datastore.emulator.impl.rules.DefaultEmulatorRulesAuthorizer.verboseError(DefaultEmulatorRulesAuthorizer.java:349)\r\n\tat com.google.cloud.datastore.emulator.impl.rules.DefaultEmulatorRulesAuthorizer.withVerboseErrors(DefaultEmulatorRulesAuthorizer.java:326)\r\n\tat com.google.cloud.datastore.emulator.impl.rules.DefaultEmulatorRulesAuthorizer.checkCommit(DefaultEmulatorRulesAuthorizer.java:113)\r\n\tat com.google.cloud.datastore.emulator.impl.firestore.FirestoreEmulatorHelper.commitHelper(FirestoreEmulatorHelper.java:407)\r\n\tat com.google.cloud.datastore.emulator.impl.firestore.FirestoreEmulatorHelper.internalCommit(FirestoreEmulatorHelper.java:348)\r\n\tat com.google.cloud.datastore.emulator.impl.firestore.CloudFirestoreV1.internalCommit(CloudFirestoreV1.java:1336)\r\n\tat com.google.cloud.datastore.emulator.impl.firestore.CloudFirestoreV1.write(CloudFirestoreV1.java:1321)\r\n\tat com.google.cloud.datastore.emulator.impl.firestore.CloudFirestoreV1WriteStream.handleRequest(CloudFirestoreV1WriteStream.java:222)\r\n\tat com.google.cloud.datastore.emulator.impl.firestore.CloudFirestoreV1WriteStream.write(CloudFirestoreV1WriteStream.java:144)\r\n\tat com.google.cloud.datastore.emulator.impl.firestore.CloudFirestoreV1WriteStream.onNext(CloudFirestoreV1WriteStream.java:99)\r\n\tat com.google.cloud.datastore.emulator.impl.firestore.CloudFirestoreV1WriteStream.onNext(CloudFirestoreV1WriteStream.java:27)\r\n\tat io.grpc.stub.ServerCalls$StreamingServerCallHandler$StreamingServerCallListener.onMessage(ServerCalls.java:262)\r\n\tat io.grpc.ForwardingServerCallListener.onMessage(ForwardingServerCallListener.java:33)\r\n\tat io.grpc.Contexts$ContextualizedServerCallListener.onMessage(Contexts.java:76)\r\n\tat io.grpc.ForwardingServerCallListener.onMessage(ForwardingServerCallListener.java:33)\r\n\tat io.grpc.Contexts$ContextualizedServerCallListener.onMessage(Contexts.java:76)\r\n\tat io.grpc.internal.ServerCallImpl$ServerStreamListenerImpl.messagesAvailableInternal(ServerCallImpl.java:334)\r\n\tat io.grpc.internal.ServerCallImpl$ServerStreamListenerImpl.messagesAvailable(ServerCallImpl.java:319)\r\n\tat io.grpc.internal.ServerImpl$JumpToApplicationThreadServerStreamListener$1MessagesAvailable.runInContext(ServerImpl.java:852)\r\n\tat io.grpc.internal.ContextRunnable.run(ContextRunnable.java:37)\r\n\tat io.grpc.internal.SerializingExecutor.run(SerializingExecutor.java:133)\r\n\tat java.base/java.util.concurrent.ThreadPoolExecutor.runWorker(ThreadPoolExecutor.java:1090)\r\n\tat java.base/java.util.concurrent.ThreadPoolExecutor$Worker.run(ThreadPoolExecutor.java:614)\r\n\tat java.base/java.lang.Thread.run(Thread.java:1474)\r\n\r\n"}}
[debug] [2026-08-25T11:26:18.502Z] Aug 25, 2026 7:26:18 PM com.google.cloud.datastore.emulator.impl.util.WrappedStreamObserver onError
WARNING: Operation failed: 
evaluation error at L31:9 for 'create' @ L31, evaluation error at L47:24 for 'update' @ L47, false for 'create' @ L31
com.google.cloud.datastore.core.exception.DatastoreException: 
evaluation error at L31:9 for 'create' @ L31, evaluation error at L47:24 for 'update' @ L47, false for 'create' @ L31
	at com.google.cloud.datastore.core.exception.DatastoreException$Builder.build(DatastoreException.java:152)
	at com.google.cloud.datastore.emulator.impl.rules.DefaultEmulatorRulesAuthorizer.verboseError(DefaultEmulatorRulesAuthorizer.java:349)
	at com.google.cloud.datastore.emulator.impl.rules.DefaultEmulatorRulesAuthorizer.withVerboseErrors(DefaultEmulatorRulesAuthorizer.java:326)
	at com.google.cloud.datastore.emulator.impl.rules.DefaultEmulatorRulesAuthorizer.checkCommit(DefaultEmulatorRulesAuthorizer.java:113)
	at com.google.cloud.datastore.emulator.impl.firestore.FirestoreEmulatorHelper.commitHelper(FirestoreEmulatorHelper.java:407)
	at com.google.cloud.datastore.emulator.impl.firestore.FirestoreEmulatorHelper.internalCommit(FirestoreEmulatorHelper.java:348)
	at com.google.cloud.datastore.emulator.impl.firestore.CloudFirestoreV1.internalCommit(CloudFirestoreV1.java:1336)
	at com.google.cloud.datastore.emulator.impl.firestore.CloudFirestoreV1.write(CloudFirestoreV1.java:1321)
	at com.google.cloud.datastore.emulator.impl.firestore.CloudFirestoreV1WriteStream.handleRequest(CloudFirestoreV1WriteStream.java:222)
	at com.google.cloud.datastore.emulator.impl.firestore.CloudFirestoreV1WriteStream.write(CloudFirestoreV1WriteStream.java:144)
	at com.google.cloud.datastore.emulator.impl.firestore.CloudFirestoreV1WriteStream.onNext(CloudFirestoreV1WriteStream.java:99)
	at com.google.cloud.datastore.emulator.impl.firestore.CloudFirestoreV1WriteStream.onNext(CloudFirestoreV1WriteStream.java:27)
	at io.grpc.stub.ServerCalls$StreamingServerCallHandler$StreamingServerCallListener.onMessage(ServerCalls.java:262)
	at io.grpc.ForwardingServerCallListener.onMessage(ForwardingServerCallListener.java:33)
	at io.grpc.Contexts$ContextualizedServerCallListener.onMessage(Contexts.java:76)
	at io.grpc.ForwardingServerCallListener.onMessage(ForwardingServerCallListener.java:33)
	at io.grpc.Contexts$ContextualizedServerCallListener.onMessage(Contexts.java:76)
	at io.grpc.internal.ServerCallImpl$ServerStreamListenerImpl.messagesAvailableInternal(ServerCallImpl.java:334)
	at io.grpc.internal.ServerCallImpl$ServerStreamListenerImpl.messagesAvailable(ServerCallImpl.java:319)
	at io.grpc.internal.ServerImpl$JumpToApplicationThreadServerStreamListener$1MessagesAvailable.runInContext(ServerImpl.java:852)
	at io.grpc.internal.ContextRunnable.run(ContextRunnable.java:37)
	at io.grpc.internal.SerializingExecutor.run(SerializingExecutor.java:133)
	at java.base/java.util.concurrent.ThreadPoolExecutor.runWorker(ThreadPoolExecutor.java:1090)
	at java.base/java.util.concurrent.ThreadPoolExecutor$Worker.run(ThreadPoolExecutor.java:614)
	at java.base/java.lang.Thread.run(Thread.java:1474)

 {"metadata":{"emulator":{"name":"firestore"},"message":"Aug 25, 2026 7:26:18 PM com.google.cloud.datastore.emulator.impl.util.WrappedStreamObserver onError\r\nWARNING: Operation failed: \nevaluation error at L31:9 for 'create' @ L31, evaluation error at L47:24 for 'update' @ L47, false for 'create' @ L31\r\ncom.google.cloud.datastore.core.exception.DatastoreException: \nevaluation error at L31:9 for 'create' @ L31, evaluation error at L47:24 for 'update' @ L47, false for 'create' @ L31\r\n\tat com.google.cloud.datastore.core.exception.DatastoreException$Builder.build(DatastoreException.java:152)\r\n\tat com.google.cloud.datastore.emulator.impl.rules.DefaultEmulatorRulesAuthorizer.verboseError(DefaultEmulatorRulesAuthorizer.java:349)\r\n\tat com.google.cloud.datastore.emulator.impl.rules.DefaultEmulatorRulesAuthorizer.withVerboseErrors(DefaultEmulatorRulesAuthorizer.java:326)\r\n\tat com.google.cloud.datastore.emulator.impl.rules.DefaultEmulatorRulesAuthorizer.checkCommit(DefaultEmulatorRulesAuthorizer.java:113)\r\n\tat com.google.cloud.datastore.emulator.impl.firestore.FirestoreEmulatorHelper.commitHelper(FirestoreEmulatorHelper.java:407)\r\n\tat com.google.cloud.datastore.emulator.impl.firestore.FirestoreEmulatorHelper.internalCommit(FirestoreEmulatorHelper.java:348)\r\n\tat com.google.cloud.datastore.emulator.impl.firestore.CloudFirestoreV1.internalCommit(CloudFirestoreV1.java:1336)\r\n\tat com.google.cloud.datastore.emulator.impl.firestore.CloudFirestoreV1.write(CloudFirestoreV1.java:1321)\r\n\tat com.google.cloud.datastore.emulator.impl.firestore.CloudFirestoreV1WriteStream.handleRequest(CloudFirestoreV1WriteStream.java:222)\r\n\tat com.google.cloud.datastore.emulator.impl.firestore.CloudFirestoreV1WriteStream.write(CloudFirestoreV1WriteStream.java:144)\r\n\tat com.google.cloud.datastore.emulator.impl.firestore.CloudFirestoreV1WriteStream.onNext(CloudFirestoreV1WriteStream.java:99)\r\n\tat com.google.cloud.datastore.emulator.impl.firestore.CloudFirestoreV1WriteStream.onNext(CloudFirestoreV1WriteStream.java:27)\r\n\tat io.grpc.stub.ServerCalls$StreamingServerCallHandler$StreamingServerCallListener.onMessage(ServerCalls.java:262)\r\n\tat io.grpc.ForwardingServerCallListener.onMessage(ForwardingServerCallListener.java:33)\r\n\tat io.grpc.Contexts$ContextualizedServerCallListener.onMessage(Contexts.java:76)\r\n\tat io.grpc.ForwardingServerCallListener.onMessage(ForwardingServerCallListener.java:33)\r\n\tat io.grpc.Contexts$ContextualizedServerCallListener.onMessage(Contexts.java:76)\r\n\tat io.grpc.internal.ServerCallImpl$ServerStreamListenerImpl.messagesAvailableInternal(ServerCallImpl.java:334)\r\n\tat io.grpc.internal.ServerCallImpl$ServerStreamListenerImpl.messagesAvailable(ServerCallImpl.java:319)\r\n\tat io.grpc.internal.ServerImpl$JumpToApplicationThreadServerStreamListener$1MessagesAvailable.runInContext(ServerImpl.java:852)\r\n\tat io.grpc.internal.ContextRunnable.run(ContextRunnable.java:37)\r\n\tat io.grpc.internal.SerializingExecutor.run(SerializingExecutor.java:133)\r\n\tat java.base/java.util.concurrent.ThreadPoolExecutor.runWorker(ThreadPoolExecutor.java:1090)\r\n\tat java.base/java.util.concurrent.ThreadPoolExecutor$Worker.run(ThreadPoolExecutor.java:614)\r\n\tat java.base/java.lang.Thread.run(Thread.java:1474)\r\n\r\n"}}
[debug] [2026-08-25T11:26:18.550Z] Aug 25, 2026 7:26:18 PM com.google.cloud.datastore.emulator.impl.util.WrappedStreamObserver onError
WARNING: Operation failed: 
false for 'create' @ L31, evaluation error at L47:24 for 'update' @ L47, false for 'create' @ L31
com.google.cloud.datastore.core.exception.DatastoreException: 
false for 'create' @ L31, evaluation error at L47:24 for 'update' @ L47, false for 'create' @ L31
	at com.google.cloud.datastore.core.exception.DatastoreException$Builder.build(DatastoreException.java:152)
	at com.google.cloud.datastore.emulator.impl.rules.DefaultEmulatorRulesAuthorizer.verboseError(DefaultEmulatorRulesAuthorizer.java:349)
	at com.google.cloud.datastore.emulator.impl.rules.DefaultEmulatorRulesAuthorizer.withVerboseErrors(DefaultEmulatorRulesAuthorizer.java:326)
	at com.google.cloud.datastore.emulator.impl.rules.DefaultEmulatorRulesAuthorizer.checkCommit(DefaultEmulatorRulesAuthorizer.java:113)
	at com.google.cloud.datastore.emulator.impl.firestore.FirestoreEmulatorHelper.commitHelper(FirestoreEmulatorHelper.java:407)
	at com.google.cloud.datastore.emulator.impl.firestore.FirestoreEmulatorHelper.internalCommit(FirestoreEmulatorHelper.java:348)
	at com.google.cloud.datastore.emulator.impl.firestore.CloudFirestoreV1.internalCommit(CloudFirestoreV1.java:1336)
	at com.google.cloud.datastore.emulator.impl.firestore.CloudFirestoreV1.write(CloudFirestoreV1.java:1321)
	at com.google.cloud.datastore.emulator.impl.firestore.CloudFirestoreV1WriteStream.handleRequest(CloudFirestoreV1WriteStream.java:222)
	at com.google.cloud.datastore.emulator.impl.firestore.CloudFirestoreV1WriteStream.write(CloudFirestoreV1WriteStream.java:144)
	at com.google.cloud.datastore.emulator.impl.firestore.CloudFirestoreV1WriteStream.onNext(CloudFirestoreV1WriteStream.java:99)
	at com.google.cloud.datastore.emulator.impl.firestore.CloudFirestoreV1WriteStream.onNext(CloudFirestoreV1WriteStream.java:27)
	at io.grpc.stub.ServerCalls$StreamingServerCallHandler$StreamingServerCallListener.onMessage(ServerCalls.java:262)
	at io.grpc.ForwardingServerCallListener.onMessage(ForwardingServerCallListener.java:33)
	at io.grpc.Contexts$ContextualizedServerCallListener.onMessage(Contexts.java:76)
	at io.grpc.ForwardingServerCallListener.onMessage(ForwardingServerCallListener.java:33)
	at io.grpc.Contexts$ContextualizedServerCallListener.onMessage(Contexts.java:76)
	at io.grpc.internal.ServerCallImpl$ServerStreamListenerImpl.messagesAvailableInternal(ServerCallImpl.java:334)
	at io.grpc.internal.ServerCallImpl$ServerStreamListenerImpl.messagesAvailable(ServerCallImpl.java:319)
	at io.grpc.internal.ServerImpl$JumpToApplicationThreadServerStreamListener$1MessagesAvailable.runInContext(ServerImpl.java:852)
	at io.grpc.internal.ContextRunnable.run(ContextRunnable.java:37)
	at io.grpc.internal.SerializingExecutor.run(SerializingExecutor.java:133)
	at java.base/java.util.concurrent.ThreadPoolExecutor.runWorker(ThreadPoolExecutor.java:1090)
	at java.base/java.util.concurrent.ThreadPoolExecutor$Worker.run(ThreadPoolExecutor.java:614)
	at java.base/java.lang.Thread.run(Thread.java:1474)

 {"metadata":{"emulator":{"name":"firestore"},"message":"Aug 25, 2026 7:26:18 PM com.google.cloud.datastore.emulator.impl.util.WrappedStreamObserver onError\r\nWARNING: Operation failed: \nfalse for 'create' @ L31, evaluation error at L47:24 for 'update' @ L47, false for 'create' @ L31\r\ncom.google.cloud.datastore.core.exception.DatastoreException: \nfalse for 'create' @ L31, evaluation error at L47:24 for 'update' @ L47, false for 'create' @ L31\r\n\tat com.google.cloud.datastore.core.exception.DatastoreException$Builder.build(DatastoreException.java:152)\r\n\tat com.google.cloud.datastore.emulator.impl.rules.DefaultEmulatorRulesAuthorizer.verboseError(DefaultEmulatorRulesAuthorizer.java:349)\r\n\tat com.google.cloud.datastore.emulator.impl.rules.DefaultEmulatorRulesAuthorizer.withVerboseErrors(DefaultEmulatorRulesAuthorizer.java:326)\r\n\tat com.google.cloud.datastore.emulator.impl.rules.DefaultEmulatorRulesAuthorizer.checkCommit(DefaultEmulatorRulesAuthorizer.java:113)\r\n\tat com.google.cloud.datastore.emulator.impl.firestore.FirestoreEmulatorHelper.commitHelper(FirestoreEmulatorHelper.java:407)\r\n\tat com.google.cloud.datastore.emulator.impl.firestore.FirestoreEmulatorHelper.internalCommit(FirestoreEmulatorHelper.java:348)\r\n\tat com.google.cloud.datastore.emulator.impl.firestore.CloudFirestoreV1.internalCommit(CloudFirestoreV1.java:1336)\r\n\tat com.google.cloud.datastore.emulator.impl.firestore.CloudFirestoreV1.write(CloudFirestoreV1.java:1321)\r\n\tat com.google.cloud.datastore.emulator.impl.firestore.CloudFirestoreV1WriteStream.handleRequest(CloudFirestoreV1WriteStream.java:222)\r\n\tat com.google.cloud.datastore.emulator.impl.firestore.CloudFirestoreV1WriteStream.write(CloudFirestoreV1WriteStream.java:144)\r\n\tat com.google.cloud.datastore.emulator.impl.firestore.CloudFirestoreV1WriteStream.onNext(CloudFirestoreV1WriteStream.java:99)\r\n\tat com.google.cloud.datastore.emulator.impl.firestore.CloudFirestoreV1WriteStream.onNext(CloudFirestoreV1WriteStream.java:27)\r\n\tat io.grpc.stub.ServerCalls$StreamingServerCallHandler$StreamingServerCallListener.onMessage(ServerCalls.java:262)\r\n\tat io.grpc.ForwardingServerCallListener.onMessage(ForwardingServerCallListener.java:33)\r\n\tat io.grpc.Contexts$ContextualizedServerCallListener.onMessage(Contexts.java:76)\r\n\tat io.grpc.ForwardingServerCallListener.onMessage(ForwardingServerCallListener.java:33)\r\n\tat io.grpc.Contexts$ContextualizedServerCallListener.onMessage(Contexts.java:76)\r\n\tat io.grpc.internal.ServerCallImpl$ServerStreamListenerImpl.messagesAvailableInternal(ServerCallImpl.java:334)\r\n\tat io.grpc.internal.ServerCallImpl$ServerStreamListenerImpl.messagesAvailable(ServerCallImpl.java:319)\r\n\tat io.grpc.internal.ServerImpl$JumpToApplicationThreadServerStreamListener$1MessagesAvailable.runInContext(ServerImpl.java:852)\r\n\tat io.grpc.internal.ContextRunnable.run(ContextRunnable.java:37)\r\n\tat io.grpc.internal.SerializingExecutor.run(SerializingExecutor.java:133)\r\n\tat java.base/java.util.concurrent.ThreadPoolExecutor.runWorker(ThreadPoolExecutor.java:1090)\r\n\tat java.base/java.util.concurrent.ThreadPoolExecutor$Worker.run(ThreadPoolExecutor.java:614)\r\n\tat java.base/java.lang.Thread.run(Thread.java:1474)\r\n\r\n"}}
[debug] [2026-08-25T11:26:18.674Z] Aug 25, 2026 7:26:18 PM com.google.cloud.datastore.emulator.impl.util.WrappedStreamObserver onError
WARNING: Operation failed: 
evaluation error at L47:24 for 'update' @ L47, false for 'update' @ L47
com.google.cloud.datastore.core.exception.DatastoreException: 
evaluation error at L47:24 for 'update' @ L47, false for 'update' @ L47
	at com.google.cloud.datastore.core.exception.DatastoreException$Builder.build(DatastoreException.java:152)
	at com.google.cloud.datastore.emulator.impl.rules.DefaultEmulatorRulesAuthorizer.verboseError(DefaultEmulatorRulesAuthorizer.java:349)
	at com.google.cloud.datastore.emulator.impl.rules.DefaultEmulatorRulesAuthorizer.withVerboseErrors(DefaultEmulatorRulesAuthorizer.java:326)
	at com.google.cloud.datastore.emulator.impl.rules.DefaultEmulatorRulesAuthorizer.checkCommit(DefaultEmulatorRulesAuthorizer.java:113)
	at com.google.cloud.datastore.emulator.impl.firestore.FirestoreEmulatorHelper.commitHelper(FirestoreEmulatorHelper.java:407)
	at com.google.cloud.datastore.emulator.impl.firestore.FirestoreEmulatorHelper.internalCommit(FirestoreEmulatorHelper.java:348)
	at com.google.cloud.datastore.emulator.impl.firestore.CloudFirestoreV1.internalCommit(CloudFirestoreV1.java:1336)
	at com.google.cloud.datastore.emulator.impl.firestore.CloudFirestoreV1.write(CloudFirestoreV1.java:1321)
	at com.google.cloud.datastore.emulator.impl.firestore.CloudFirestoreV1WriteStream.handleRequest(CloudFirestoreV1WriteStream.java:222)
	at com.google.cloud.datastore.emulator.impl.firestore.CloudFirestoreV1WriteStream.write(CloudFirestoreV1WriteStream.java:144)
	at com.google.cloud.datastore.emulator.impl.firestore.CloudFirestoreV1WriteStream.onNext(CloudFirestoreV1WriteStream.java:99)
	at com.google.cloud.datastore.emulator.impl.firestore.CloudFirestoreV1WriteStream.onNext(CloudFirestoreV1WriteStream.java:27)
	at io.grpc.stub.ServerCalls$StreamingServerCallHandler$StreamingServerCallListener.onMessage(ServerCalls.java:262)
	at io.grpc.ForwardingServerCallListener.onMessage(ForwardingServerCallListener.java:33)
	at io.grpc.Contexts$ContextualizedServerCallListener.onMessage(Contexts.java:76)
	at io.grpc.ForwardingServerCallListener.onMessage(ForwardingServerCallListener.java:33)
	at io.grpc.Contexts$ContextualizedServerCallListener.onMessage(Contexts.java:76)
	at io.grpc.internal.ServerCallImpl$ServerStreamListenerImpl.messagesAvailableInternal(ServerCallImpl.java:334)
	at io.grpc.internal.ServerCallImpl$ServerStreamListenerImpl.messagesAvailable(ServerCallImpl.java:319)
	at io.grpc.internal.ServerImpl$JumpToApplicationThreadServerStreamListener$1MessagesAvailable.runInContext(ServerImpl.java:852)
	at io.grpc.internal.ContextRunnable.run(ContextRunnable.java:37)
	at io.grpc.internal.SerializingExecutor.run(SerializingExecutor.java:133)
	at java.base/java.util.concurrent.ThreadPoolExecutor.runWorker(ThreadPoolExecutor.java:1090)
	at java.base/java.util.concurrent.ThreadPoolExecutor$Worker.run(ThreadPoolExecutor.java:614)
	at java.base/java.lang.Thread.run(Thread.java:1474)

 {"metadata":{"emulator":{"name":"firestore"},"message":"Aug 25, 2026 7:26:18 PM com.google.cloud.datastore.emulator.impl.util.WrappedStreamObserver onError\r\nWARNING: Operation failed: \nevaluation error at L47:24 for 'update' @ L47, false for 'update' @ L47\r\ncom.google.cloud.datastore.core.exception.DatastoreException: \nevaluation error at L47:24 for 'update' @ L47, false for 'update' @ L47\r\n\tat com.google.cloud.datastore.core.exception.DatastoreException$Builder.build(DatastoreException.java:152)\r\n\tat com.google.cloud.datastore.emulator.impl.rules.DefaultEmulatorRulesAuthorizer.verboseError(DefaultEmulatorRulesAuthorizer.java:349)\r\n\tat com.google.cloud.datastore.emulator.impl.rules.DefaultEmulatorRulesAuthorizer.withVerboseErrors(DefaultEmulatorRulesAuthorizer.java:326)\r\n\tat com.google.cloud.datastore.emulator.impl.rules.DefaultEmulatorRulesAuthorizer.checkCommit(DefaultEmulatorRulesAuthorizer.java:113)\r\n\tat com.google.cloud.datastore.emulator.impl.firestore.FirestoreEmulatorHelper.commitHelper(FirestoreEmulatorHelper.java:407)\r\n\tat com.google.cloud.datastore.emulator.impl.firestore.FirestoreEmulatorHelper.internalCommit(FirestoreEmulatorHelper.java:348)\r\n\tat com.google.cloud.datastore.emulator.impl.firestore.CloudFirestoreV1.internalCommit(CloudFirestoreV1.java:1336)\r\n\tat com.google.cloud.datastore.emulator.impl.firestore.CloudFirestoreV1.write(CloudFirestoreV1.java:1321)\r\n\tat com.google.cloud.datastore.emulator.impl.firestore.CloudFirestoreV1WriteStream.handleRequest(CloudFirestoreV1WriteStream.java:222)\r\n\tat com.google.cloud.datastore.emulator.impl.firestore.CloudFirestoreV1WriteStream.write(CloudFirestoreV1WriteStream.java:144)\r\n\tat com.google.cloud.datastore.emulator.impl.firestore.CloudFirestoreV1WriteStream.onNext(CloudFirestoreV1WriteStream.java:99)\r\n\tat com.google.cloud.datastore.emulator.impl.firestore.CloudFirestoreV1WriteStream.onNext(CloudFirestoreV1WriteStream.java:27)\r\n\tat io.grpc.stub.ServerCalls$StreamingServerCallHandler$StreamingServerCallListener.onMessage(ServerCalls.java:262)\r\n\tat io.grpc.ForwardingServerCallListener.onMessage(ForwardingServerCallListener.java:33)\r\n\tat io.grpc.Contexts$ContextualizedServerCallListener.onMessage(Contexts.java:76)\r\n\tat io.grpc.ForwardingServerCallListener.onMessage(ForwardingServerCallListener.java:33)\r\n\tat io.grpc.Contexts$ContextualizedServerCallListener.onMessage(Contexts.java:76)\r\n\tat io.grpc.internal.ServerCallImpl$ServerStreamListenerImpl.messagesAvailableInternal(ServerCallImpl.java:334)\r\n\tat io.grpc.internal.ServerCallImpl$ServerStreamListenerImpl.messagesAvailable(ServerCallImpl.java:319)\r\n\tat io.grpc.internal.ServerImpl$JumpToApplicationThreadServerStreamListener$1MessagesAvailable.runInContext(ServerImpl.java:852)\r\n\tat io.grpc.internal.ContextRunnable.run(ContextRunnable.java:37)\r\n\tat io.grpc.internal.SerializingExecutor.run(SerializingExecutor.java:133)\r\n\tat java.base/java.util.concurrent.ThreadPoolExecutor.runWorker(ThreadPoolExecutor.java:1090)\r\n\tat java.base/java.util.concurrent.ThreadPoolExecutor$Worker.run(ThreadPoolExecutor.java:614)\r\n\tat java.base/java.lang.Thread.run(Thread.java:1474)\r\n\r\n"}}
[debug] [2026-08-25T11:26:18.883Z] Aug 25, 2026 7:26:18 PM com.google.cloud.datastore.emulator.impl.util.WrappedStreamObserver onError
WARNING: Operation failed: 
false for 'create' @ L78, false for 'update' @ L78
com.google.cloud.datastore.core.exception.DatastoreException: 
false for 'create' @ L78, false for 'update' @ L78
	at com.google.cloud.datastore.core.exception.DatastoreException$Builder.build(DatastoreException.java:152)
	at com.google.cloud.datastore.emulator.impl.rules.DefaultEmulatorRulesAuthorizer.verboseError(DefaultEmulatorRulesAuthorizer.java:349)
	at com.google.cloud.datastore.emulator.impl.rules.DefaultEmulatorRulesAuthorizer.withVerboseErrors(DefaultEmulatorRulesAuthorizer.java:326)
	at com.google.cloud.datastore.emulator.impl.rules.DefaultEmulatorRulesAuthorizer.checkCommit(DefaultEmulatorRulesAuthorizer.java:113)
	at com.google.cloud.datastore.emulator.impl.firestore.FirestoreEmulatorHelper.commitHelper(FirestoreEmulatorHelper.java:407)
	at com.google.cloud.datastore.emulator.impl.firestore.FirestoreEmulatorHelper.internalCommit(FirestoreEmulatorHelper.java:348)
	at com.google.cloud.datastore.emulator.impl.firestore.CloudFirestoreV1.internalCommit(CloudFirestoreV1.java:1336)
	at com.google.cloud.datastore.emulator.impl.firestore.CloudFirestoreV1.write(CloudFirestoreV1.java:1321)
	at com.google.cloud.datastore.emulator.impl.firestore.CloudFirestoreV1WriteStream.handleRequest(CloudFirestoreV1WriteStream.java:222)
	at com.google.cloud.datastore.emulator.impl.firestore.CloudFirestoreV1WriteStream.write(CloudFirestoreV1WriteStream.java:144)
	at com.google.cloud.datastore.emulator.impl.firestore.CloudFirestoreV1WriteStream.onNext(CloudFirestoreV1WriteStream.java:99)
	at com.google.cloud.datastore.emulator.impl.firestore.CloudFirestoreV1WriteStream.onNext(CloudFirestoreV1WriteStream.java:27)
	at io.grpc.stub.ServerCalls$StreamingServerCallHandler$StreamingServerCallListener.onMessage(ServerCalls.java:262)
	at io.grpc.ForwardingServerCallListener.onMessage(ForwardingServerCallListener.java:33)
	at io.grpc.Contexts$ContextualizedServerCallListener.onMessage(Contexts.java:76)
	at io.grpc.ForwardingServerCallListener.onMessage(ForwardingServerCallListener.java:33)
	at io.grpc.Contexts$ContextualizedServerCallListener.onMessage(Contexts.java:76)
	at io.grpc.internal.ServerCallImpl$ServerStreamListenerImpl.messagesAvailableInternal(ServerCallImpl.java:334)
	at io.grpc.internal.ServerCallImpl$ServerStreamListenerImpl.messagesAvailable(ServerCallImpl.java:319)
	at io.grpc.internal.ServerImpl$JumpToApplicationThreadServerStreamListener$1MessagesAvailable.runInContext(ServerImpl.java:852)
	at io.grpc.internal.ContextRunnable.run(ContextRunnable.java:37)
	at io.grpc.internal.SerializingExecutor.run(SerializingExecutor.java:133)
	at java.base/java.util.concurrent.ThreadPoolExecutor.runWorker(ThreadPoolExecutor.java:1090)
	at java.base/java.util.concurrent.ThreadPoolExecutor$Worker.run(ThreadPoolExecutor.java:614)
	at java.base/java.lang.Thread.run(Thread.java:1474)

 {"metadata":{"emulator":{"name":"firestore"},"message":"Aug 25, 2026 7:26:18 PM com.google.cloud.datastore.emulator.impl.util.WrappedStreamObserver onError\r\nWARNING: Operation failed: \nfalse for 'create' @ L78, false for 'update' @ L78\r\ncom.google.cloud.datastore.core.exception.DatastoreException: \nfalse for 'create' @ L78, false for 'update' @ L78\r\n\tat com.google.cloud.datastore.core.exception.DatastoreException$Builder.build(DatastoreException.java:152)\r\n\tat com.google.cloud.datastore.emulator.impl.rules.DefaultEmulatorRulesAuthorizer.verboseError(DefaultEmulatorRulesAuthorizer.java:349)\r\n\tat com.google.cloud.datastore.emulator.impl.rules.DefaultEmulatorRulesAuthorizer.withVerboseErrors(DefaultEmulatorRulesAuthorizer.java:326)\r\n\tat com.google.cloud.datastore.emulator.impl.rules.DefaultEmulatorRulesAuthorizer.checkCommit(DefaultEmulatorRulesAuthorizer.java:113)\r\n\tat com.google.cloud.datastore.emulator.impl.firestore.FirestoreEmulatorHelper.commitHelper(FirestoreEmulatorHelper.java:407)\r\n\tat com.google.cloud.datastore.emulator.impl.firestore.FirestoreEmulatorHelper.internalCommit(FirestoreEmulatorHelper.java:348)\r\n\tat com.google.cloud.datastore.emulator.impl.firestore.CloudFirestoreV1.internalCommit(CloudFirestoreV1.java:1336)\r\n\tat com.google.cloud.datastore.emulator.impl.firestore.CloudFirestoreV1.write(CloudFirestoreV1.java:1321)\r\n\tat com.google.cloud.datastore.emulator.impl.firestore.CloudFirestoreV1WriteStream.handleRequest(CloudFirestoreV1WriteStream.java:222)\r\n\tat com.google.cloud.datastore.emulator.impl.firestore.CloudFirestoreV1WriteStream.write(CloudFirestoreV1WriteStream.java:144)\r\n\tat com.google.cloud.datastore.emulator.impl.firestore.CloudFirestoreV1WriteStream.onNext(CloudFirestoreV1WriteStream.java:99)\r\n\tat com.google.cloud.datastore.emulator.impl.firestore.CloudFirestoreV1WriteStream.onNext(CloudFirestoreV1WriteStream.java:27)\r\n\tat io.grpc.stub.ServerCalls$StreamingServerCallHandler$StreamingServerCallListener.onMessage(ServerCalls.java:262)\r\n\tat io.grpc.ForwardingServerCallListener.onMessage(ForwardingServerCallListener.java:33)\r\n\tat io.grpc.Contexts$ContextualizedServerCallListener.onMessage(Contexts.java:76)\r\n\tat io.grpc.ForwardingServerCallListener.onMessage(ForwardingServerCallListener.java:33)\r\n\tat io.grpc.Contexts$ContextualizedServerCallListener.onMessage(Contexts.java:76)\r\n\tat io.grpc.internal.ServerCallImpl$ServerStreamListenerImpl.messagesAvailableInternal(ServerCallImpl.java:334)\r\n\tat io.grpc.internal.ServerCallImpl$ServerStreamListenerImpl.messagesAvailable(ServerCallImpl.java:319)\r\n\tat io.grpc.internal.ServerImpl$JumpToApplicationThreadServerStreamListener$1MessagesAvailable.runInContext(ServerImpl.java:852)\r\n\tat io.grpc.internal.ContextRunnable.run(ContextRunnable.java:37)\r\n\tat io.grpc.internal.SerializingExecutor.run(SerializingExecutor.java:133)\r\n\tat java.base/java.util.concurrent.ThreadPoolExecutor.runWorker(ThreadPoolExecutor.java:1090)\r\n\tat java.base/java.util.concurrent.ThreadPoolExecutor$Worker.run(ThreadPoolExecutor.java:614)\r\n\tat java.base/java.lang.Thread.run(Thread.java:1474)\r\n\r\n"}}
[debug] [2026-08-25T11:26:18.980Z] Aug 25, 2026 7:26:18 PM com.google.cloud.datastore.emulator.impl.util.WrappedStreamObserver onError
WARNING: Operation failed: 
evaluation error at L95:24 for 'update' @ L95, false for 'update' @ L95
com.google.cloud.datastore.core.exception.DatastoreException: 
evaluation error at L95:24 for 'update' @ L95, false for 'update' @ L95
	at com.google.cloud.datastore.core.exception.DatastoreException$Builder.build(DatastoreException.java:152)
	at com.google.cloud.datastore.emulator.impl.rules.DefaultEmulatorRulesAuthorizer.verboseError(DefaultEmulatorRulesAuthorizer.java:349)
	at com.google.cloud.datastore.emulator.impl.rules.DefaultEmulatorRulesAuthorizer.withVerboseErrors(DefaultEmulatorRulesAuthorizer.java:326)
	at com.google.cloud.datastore.emulator.impl.rules.DefaultEmulatorRulesAuthorizer.checkCommit(DefaultEmulatorRulesAuthorizer.java:113)
	at com.google.cloud.datastore.emulator.impl.firestore.FirestoreEmulatorHelper.commitHelper(FirestoreEmulatorHelper.java:407)
	at com.google.cloud.datastore.emulator.impl.firestore.FirestoreEmulatorHelper.internalCommit(FirestoreEmulatorHelper.java:348)
	at com.google.cloud.datastore.emulator.impl.firestore.CloudFirestoreV1.internalCommit(CloudFirestoreV1.java:1336)
	at com.google.cloud.datastore.emulator.impl.firestore.CloudFirestoreV1.write(CloudFirestoreV1.java:1321)
	at com.google.cloud.datastore.emulator.impl.firestore.CloudFirestoreV1WriteStream.handleRequest(CloudFirestoreV1WriteStream.java:222)
	at com.google.cloud.datastore.emulator.impl.firestore.CloudFirestoreV1WriteStream.write(CloudFirestoreV1WriteStream.java:144)
	at com.google.cloud.datastore.emulator.impl.firestore.CloudFirestoreV1WriteStream.onNext(CloudFirestoreV1WriteStream.java:99)
	at com.google.cloud.datastore.emulator.impl.firestore.CloudFirestoreV1WriteStream.onNext(CloudFirestoreV1WriteStream.java:27)
	at io.grpc.stub.ServerCalls$StreamingServerCallHandler$StreamingServerCallListener.onMessage(ServerCalls.java:262)
	at io.grpc.ForwardingServerCallListener.onMessage(ForwardingServerCallListener.java:33)
	at io.grpc.Contexts$ContextualizedServerCallListener.onMessage(Contexts.java:76)
	at io.grpc.ForwardingServerCallListener.onMessage(ForwardingServerCallListener.java:33)
	at io.grpc.Contexts$ContextualizedServerCallListener.onMessage(Contexts.java:76)
	at io.grpc.internal.ServerCallImpl$ServerStreamListenerImpl.messagesAvailableInternal(ServerCallImpl.java:334)
	at io.grpc.internal.ServerCallImpl$ServerStreamListenerImpl.messagesAvailable(ServerCallImpl.java:319)
	at io.grpc.internal.ServerImpl$JumpToApplicationThreadServerStreamListener$1MessagesAvailable.runInContext(ServerImpl.java:852)
	at io.grpc.internal.ContextRunnable.run(ContextRunnable.java:37)
	at io.grpc.internal.SerializingExecutor.run(SerializingExecutor.java:133)
	at java.base/java.util.concurrent.ThreadPoolExecutor.runWorker(ThreadPoolExecutor.java:1090)
	at java.base/java.util.concurrent.ThreadPoolExecutor$Worker.run(ThreadPoolExecutor.java:614)
	at java.base/java.lang.Thread.run(Thread.java:1474)

 {"metadata":{"emulator":{"name":"firestore"},"message":"Aug 25, 2026 7:26:18 PM com.google.cloud.datastore.emulator.impl.util.WrappedStreamObserver onError\r\nWARNING: Operation failed: \nevaluation error at L95:24 for 'update' @ L95, false for 'update' @ L95\r\ncom.google.cloud.datastore.core.exception.DatastoreException: \nevaluation error at L95:24 for 'update' @ L95, false for 'update' @ L95\r\n\tat com.google.cloud.datastore.core.exception.DatastoreException$Builder.build(DatastoreException.java:152)\r\n\tat com.google.cloud.datastore.emulator.impl.rules.DefaultEmulatorRulesAuthorizer.verboseError(DefaultEmulatorRulesAuthorizer.java:349)\r\n\tat com.google.cloud.datastore.emulator.impl.rules.DefaultEmulatorRulesAuthorizer.withVerboseErrors(DefaultEmulatorRulesAuthorizer.java:326)\r\n\tat com.google.cloud.datastore.emulator.impl.rules.DefaultEmulatorRulesAuthorizer.checkCommit(DefaultEmulatorRulesAuthorizer.java:113)\r\n\tat com.google.cloud.datastore.emulator.impl.firestore.FirestoreEmulatorHelper.commitHelper(FirestoreEmulatorHelper.java:407)\r\n\tat com.google.cloud.datastore.emulator.impl.firestore.FirestoreEmulatorHelper.internalCommit(FirestoreEmulatorHelper.java:348)\r\n\tat com.google.cloud.datastore.emulator.impl.firestore.CloudFirestoreV1.internalCommit(CloudFirestoreV1.java:1336)\r\n\tat com.google.cloud.datastore.emulator.impl.firestore.CloudFirestoreV1.write(CloudFirestoreV1.java:1321)\r\n\tat com.google.cloud.datastore.emulator.impl.firestore.CloudFirestoreV1WriteStream.handleRequest(CloudFirestoreV1WriteStream.java:222)\r\n\tat com.google.cloud.datastore.emulator.impl.firestore.CloudFirestoreV1WriteStream.write(CloudFirestoreV1WriteStream.java:144)\r\n\tat com.google.cloud.datastore.emulator.impl.firestore.CloudFirestoreV1WriteStream.onNext(CloudFirestoreV1WriteStream.java:99)\r\n\tat com.google.cloud.datastore.emulator.impl.firestore.CloudFirestoreV1WriteStream.onNext(CloudFirestoreV1WriteStream.java:27)\r\n\tat io.grpc.stub.ServerCalls$StreamingServerCallHandler$StreamingServerCallListener.onMessage(ServerCalls.java:262)\r\n\tat io.grpc.ForwardingServerCallListener.onMessage(ForwardingServerCallListener.java:33)\r\n\tat io.grpc.Contexts$ContextualizedServerCallListener.onMessage(Contexts.java:76)\r\n\tat io.grpc.ForwardingServerCallListener.onMessage(ForwardingServerCallListener.java:33)\r\n\tat io.grpc.Contexts$ContextualizedServerCallListener.onMessage(Contexts.java:76)\r\n\tat io.grpc.internal.ServerCallImpl$ServerStreamListenerImpl.messagesAvailableInternal(ServerCallImpl.java:334)\r\n\tat io.grpc.internal.ServerCallImpl$ServerStreamListenerImpl.messagesAvailable(ServerCallImpl.java:319)\r\n\tat io.grpc.internal.ServerImpl$JumpToApplicationThreadServerStreamListener$1MessagesAvailable.runInContext(ServerImpl.java:852)\r\n\tat io.grpc.internal.ContextRunnable.run(ContextRunnable.java:37)\r\n\tat io.grpc.internal.SerializingExecutor.run(SerializingExecutor.java:133)\r\n\tat java.base/java.util.concurrent.ThreadPoolExecutor.runWorker(ThreadPoolExecutor.java:1090)\r\n\tat java.base/java.util.concurrent.ThreadPoolExecutor$Worker.run(ThreadPoolExecutor.java:614)\r\n\tat java.base/java.lang.Thread.run(Thread.java:1474)\r\n\r\n"}}
[debug] [2026-08-25T11:26:19.117Z] Aug 25, 2026 7:26:19 PM com.google.cloud.datastore.emulator.impl.util.WrappedStreamObserver onError
WARNING: Operation failed: 
evaluation error at L113:24 for 'update' @ L113, false for 'update' @ L113
com.google.cloud.datastore.core.exception.DatastoreException: 
evaluation error at L113:24 for 'update' @ L113, false for 'update' @ L113
	at com.google.cloud.datastore.core.exception.DatastoreException$Builder.build(DatastoreException.java:152)
	at com.google.cloud.datastore.emulator.impl.rules.DefaultEmulatorRulesAuthorizer.verboseError(DefaultEmulatorRulesAuthorizer.java:349)
	at com.google.cloud.datastore.emulator.impl.rules.DefaultEmulatorRulesAuthorizer.withVerboseErrors(DefaultEmulatorRulesAuthorizer.java:326)
	at com.google.cloud.datastore.emulator.impl.rules.DefaultEmulatorRulesAuthorizer.checkCommit(DefaultEmulatorRulesAuthorizer.java:113)
	at com.google.cloud.datastore.emulator.impl.firestore.FirestoreEmulatorHelper.commitHelper(FirestoreEmulatorHelper.java:407)
	at com.google.cloud.datastore.emulator.impl.firestore.FirestoreEmulatorHelper.internalCommit(FirestoreEmulatorHelper.java:348)
	at com.google.cloud.datastore.emulator.impl.firestore.CloudFirestoreV1.internalCommit(CloudFirestoreV1.java:1336)
	at com.google.cloud.datastore.emulator.impl.firestore.CloudFirestoreV1.write(CloudFirestoreV1.java:1321)
	at com.google.cloud.datastore.emulator.impl.firestore.CloudFirestoreV1WriteStream.handleRequest(CloudFirestoreV1WriteStream.java:222)
	at com.google.cloud.datastore.emulator.impl.firestore.CloudFirestoreV1WriteStream.write(CloudFirestoreV1WriteStream.java:144)
	at com.google.cloud.datastore.emulator.impl.firestore.CloudFirestoreV1WriteStream.onNext(CloudFirestoreV1WriteStream.java:99)
	at com.google.cloud.datastore.emulator.impl.firestore.CloudFirestoreV1WriteStream.onNext(CloudFirestoreV1WriteStream.java:27)
	at io.grpc.stub.ServerCalls$StreamingServerCallHandler$StreamingServerCallListener.onMessage(ServerCalls.java:262)
	at io.grpc.ForwardingServerCallListener.onMessage(ForwardingServerCallListener.java:33)
	at io.grpc.Contexts$ContextualizedServerCallListener.onMessage(Contexts.java:76)
	at io.grpc.ForwardingServerCallListener.onMessage(ForwardingServerCallListener.java:33)
	at io.grpc.Contexts$ContextualizedServerCallListener.onMessage(Contexts.java:76)
	at io.grpc.internal.ServerCallImpl$ServerStreamListenerImpl.messagesAvailableInternal(ServerCallImpl.java:334)
	at io.grpc.internal.ServerCallImpl$ServerStreamListenerImpl.messagesAvailable(ServerCallImpl.java:319)
	at io.grpc.internal.ServerImpl$JumpToApplicationThreadServerStreamListener$1MessagesAvailable.runInContext(ServerImpl.java:852)
	at io.grpc.internal.ContextRunnable.run(ContextRunnable.java:37)
	at io.grpc.internal.SerializingExecutor.run(SerializingExecutor.java:133)
	at java.base/java.util.concurrent.ThreadPoolExecutor.runWorker(ThreadPoolExecutor.java:1090)
	at java.base/java.util.concurrent.ThreadPoolExecutor$Worker.run(ThreadPoolExecutor.java:614)
	at java.base/java.lang.Thread.run(Thread.java:1474)

 {"metadata":{"emulator":{"name":"firestore"},"message":"Aug 25, 2026 7:26:19 PM com.google.cloud.datastore.emulator.impl.util.WrappedStreamObserver onError\r\nWARNING: Operation failed: \nevaluation error at L113:24 for 'update' @ L113, false for 'update' @ L113\r\ncom.google.cloud.datastore.core.exception.DatastoreException: \nevaluation error at L113:24 for 'update' @ L113, false for 'update' @ L113\r\n\tat com.google.cloud.datastore.core.exception.DatastoreException$Builder.build(DatastoreException.java:152)\r\n\tat com.google.cloud.datastore.emulator.impl.rules.DefaultEmulatorRulesAuthorizer.verboseError(DefaultEmulatorRulesAuthorizer.java:349)\r\n\tat com.google.cloud.datastore.emulator.impl.rules.DefaultEmulatorRulesAuthorizer.withVerboseErrors(DefaultEmulatorRulesAuthorizer.java:326)\r\n\tat com.google.cloud.datastore.emulator.impl.rules.DefaultEmulatorRulesAuthorizer.checkCommit(DefaultEmulatorRulesAuthorizer.java:113)\r\n\tat com.google.cloud.datastore.emulator.impl.firestore.FirestoreEmulatorHelper.commitHelper(FirestoreEmulatorHelper.java:407)\r\n\tat com.google.cloud.datastore.emulator.impl.firestore.FirestoreEmulatorHelper.internalCommit(FirestoreEmulatorHelper.java:348)\r\n\tat com.google.cloud.datastore.emulator.impl.firestore.CloudFirestoreV1.internalCommit(CloudFirestoreV1.java:1336)\r\n\tat com.google.cloud.datastore.emulator.impl.firestore.CloudFirestoreV1.write(CloudFirestoreV1.java:1321)\r\n\tat com.google.cloud.datastore.emulator.impl.firestore.CloudFirestoreV1WriteStream.handleRequest(CloudFirestoreV1WriteStream.java:222)\r\n\tat com.google.cloud.datastore.emulator.impl.firestore.CloudFirestoreV1WriteStream.write(CloudFirestoreV1WriteStream.java:144)\r\n\tat com.google.cloud.datastore.emulator.impl.firestore.CloudFirestoreV1WriteStream.onNext(CloudFirestoreV1WriteStream.java:99)\r\n\tat com.google.cloud.datastore.emulator.impl.firestore.CloudFirestoreV1WriteStream.onNext(CloudFirestoreV1WriteStream.java:27)\r\n\tat io.grpc.stub.ServerCalls$StreamingServerCallHandler$StreamingServerCallListener.onMessage(ServerCalls.java:262)\r\n\tat io.grpc.ForwardingServerCallListener.onMessage(ForwardingServerCallListener.java:33)\r\n\tat io.grpc.Contexts$ContextualizedServerCallListener.onMessage(Contexts.java:76)\r\n\tat io.grpc.ForwardingServerCallListener.onMessage(ForwardingServerCallListener.java:33)\r\n\tat io.grpc.Contexts$ContextualizedServerCallListener.onMessage(Contexts.java:76)\r\n\tat io.grpc.internal.ServerCallImpl$ServerStreamListenerImpl.messagesAvailableInternal(ServerCallImpl.java:334)\r\n\tat io.grpc.internal.ServerCallImpl$ServerStreamListenerImpl.messagesAvailable(ServerCallImpl.java:319)\r\n\tat io.grpc.internal.ServerImpl$JumpToApplicationThreadServerStreamListener$1MessagesAvailable.runInContext(ServerImpl.java:852)\r\n\tat io.grpc.internal.ContextRunnable.run(ContextRunnable.java:37)\r\n\tat io.grpc.internal.SerializingExecutor.run(SerializingExecutor.java:133)\r\n\tat java.base/java.util.concurrent.ThreadPoolExecutor.runWorker(ThreadPoolExecutor.java:1090)\r\n\tat java.base/java.util.concurrent.ThreadPoolExecutor$Worker.run(ThreadPoolExecutor.java:614)\r\n\tat java.base/java.lang.Thread.run(Thread.java:1474)\r\n\r\n"}}
[debug] [2026-08-25T11:26:19.239Z] Aug 25, 2026 7:26:19 PM com.google.cloud.datastore.emulator.impl.util.WrappedStreamObserver onError
WARNING: Operation failed: 
false for 'delete' @ L117
com.google.cloud.datastore.core.exception.DatastoreException: 
false for 'delete' @ L117
	at com.google.cloud.datastore.core.exception.DatastoreException$Builder.build(DatastoreException.java:152)
	at com.google.cloud.datastore.emulator.impl.rules.DefaultEmulatorRulesAuthorizer.verboseError(DefaultEmulatorRulesAuthorizer.java:349)
	at com.google.cloud.datastore.emulator.impl.rules.DefaultEmulatorRulesAuthorizer.withVerboseErrors(DefaultEmulatorRulesAuthorizer.java:326)
	at com.google.cloud.datastore.emulator.impl.rules.DefaultEmulatorRulesAuthorizer.checkCommit(DefaultEmulatorRulesAuthorizer.java:113)
	at com.google.cloud.datastore.emulator.impl.firestore.FirestoreEmulatorHelper.commitHelper(FirestoreEmulatorHelper.java:407)
	at com.google.cloud.datastore.emulator.impl.firestore.FirestoreEmulatorHelper.internalCommit(FirestoreEmulatorHelper.java:348)
	at com.google.cloud.datastore.emulator.impl.firestore.CloudFirestoreV1.internalCommit(CloudFirestoreV1.java:1336)
	at com.google.cloud.datastore.emulator.impl.firestore.CloudFirestoreV1.write(CloudFirestoreV1.java:1321)
	at com.google.cloud.datastore.emulator.impl.firestore.CloudFirestoreV1WriteStream.handleRequest(CloudFirestoreV1WriteStream.java:222)
	at com.google.cloud.datastore.emulator.impl.firestore.CloudFirestoreV1WriteStream.write(CloudFirestoreV1WriteStream.java:144)
	at com.google.cloud.datastore.emulator.impl.firestore.CloudFirestoreV1WriteStream.onNext(CloudFirestoreV1WriteStream.java:99)
	at com.google.cloud.datastore.emulator.impl.firestore.CloudFirestoreV1WriteStream.onNext(CloudFirestoreV1WriteStream.java:27)
	at io.grpc.stub.ServerCalls$StreamingServerCallHandler$StreamingServerCallListener.onMessage(ServerCalls.java:262)
	at io.grpc.ForwardingServerCallListener.onMessage(ForwardingServerCallListener.java:33)
	at io.grpc.Contexts$ContextualizedServerCallListener.onMessage(Contexts.java:76)
	at io.grpc.ForwardingServerCallListener.onMessage(ForwardingServerCallListener.java:33)
	at io.grpc.Contexts$ContextualizedServerCallListener.onMessage(Contexts.java:76)
	at io.grpc.internal.ServerCallImpl$ServerStreamListenerImpl.messagesAvailableInternal(ServerCallImpl.java:334)
	at io.grpc.internal.ServerCallImpl$ServerStreamListenerImpl.messagesAvailable(ServerCallImpl.java:319)
	at io.grpc.internal.ServerImpl$JumpToApplicationThreadServerStreamListener$1MessagesAvailable.runInContext(ServerImpl.java:852)
	at io.grpc.internal.ContextRunnable.run(ContextRunnable.java:37)
	at io.grpc.internal.SerializingExecutor.run(SerializingExecutor.java:133)
	at java.base/java.util.concurrent.ThreadPoolExecutor.runWorker(ThreadPoolExecutor.java:1090)
	at java.base/java.util.concurrent.ThreadPoolExecutor$Worker.run(ThreadPoolExecutor.java:614)
	at java.base/java.lang.Thread.run(Thread.java:1474)

 {"metadata":{"emulator":{"name":"firestore"},"message":"Aug 25, 2026 7:26:19 PM com.google.cloud.datastore.emulator.impl.util.WrappedStreamObserver onError\r\nWARNING: Operation failed: \nfalse for 'delete' @ L117\r\ncom.google.cloud.datastore.core.exception.DatastoreException: \nfalse for 'delete' @ L117\r\n\tat com.google.cloud.datastore.core.exception.DatastoreException$Builder.build(DatastoreException.java:152)\r\n\tat com.google.cloud.datastore.emulator.impl.rules.DefaultEmulatorRulesAuthorizer.verboseError(DefaultEmulatorRulesAuthorizer.java:349)\r\n\tat com.google.cloud.datastore.emulator.impl.rules.DefaultEmulatorRulesAuthorizer.withVerboseErrors(DefaultEmulatorRulesAuthorizer.java:326)\r\n\tat com.google.cloud.datastore.emulator.impl.rules.DefaultEmulatorRulesAuthorizer.checkCommit(DefaultEmulatorRulesAuthorizer.java:113)\r\n\tat com.google.cloud.datastore.emulator.impl.firestore.FirestoreEmulatorHelper.commitHelper(FirestoreEmulatorHelper.java:407)\r\n\tat com.google.cloud.datastore.emulator.impl.firestore.FirestoreEmulatorHelper.internalCommit(FirestoreEmulatorHelper.java:348)\r\n\tat com.google.cloud.datastore.emulator.impl.firestore.CloudFirestoreV1.internalCommit(CloudFirestoreV1.java:1336)\r\n\tat com.google.cloud.datastore.emulator.impl.firestore.CloudFirestoreV1.write(CloudFirestoreV1.java:1321)\r\n\tat com.google.cloud.datastore.emulator.impl.firestore.CloudFirestoreV1WriteStream.handleRequest(CloudFirestoreV1WriteStream.java:222)\r\n\tat com.google.cloud.datastore.emulator.impl.firestore.CloudFirestoreV1WriteStream.write(CloudFirestoreV1WriteStream.java:144)\r\n\tat com.google.cloud.datastore.emulator.impl.firestore.CloudFirestoreV1WriteStream.onNext(CloudFirestoreV1WriteStream.java:99)\r\n\tat com.google.cloud.datastore.emulator.impl.firestore.CloudFirestoreV1WriteStream.onNext(CloudFirestoreV1WriteStream.java:27)\r\n\tat io.grpc.stub.ServerCalls$StreamingServerCallHandler$StreamingServerCallListener.onMessage(ServerCalls.java:262)\r\n\tat io.grpc.ForwardingServerCallListener.onMessage(ForwardingServerCallListener.java:33)\r\n\tat io.grpc.Contexts$ContextualizedServerCallListener.onMessage(Contexts.java:76)\r\n\tat io.grpc.ForwardingServerCallListener.onMessage(ForwardingServerCallListener.java:33)\r\n\tat io.grpc.Contexts$ContextualizedServerCallListener.onMessage(Contexts.java:76)\r\n\tat io.grpc.internal.ServerCallImpl$ServerStreamListenerImpl.messagesAvailableInternal(ServerCallImpl.java:334)\r\n\tat io.grpc.internal.ServerCallImpl$ServerStreamListenerImpl.messagesAvailable(ServerCallImpl.java:319)\r\n\tat io.grpc.internal.ServerImpl$JumpToApplicationThreadServerStreamListener$1MessagesAvailable.runInContext(ServerImpl.java:852)\r\n\tat io.grpc.internal.ContextRunnable.run(ContextRunnable.java:37)\r\n\tat io.grpc.internal.SerializingExecutor.run(SerializingExecutor.java:133)\r\n\tat java.base/java.util.concurrent.ThreadPoolExecutor.runWorker(ThreadPoolExecutor.java:1090)\r\n\tat java.base/java.util.concurrent.ThreadPoolExecutor$Worker.run(ThreadPoolExecutor.java:614)\r\n\tat java.base/java.lang.Thread.run(Thread.java:1474)\r\n\r\n"}}
[debug] [2026-08-25T11:26:19.260Z] Aug 25, 2026 7:26:19 PM io.netty.channel.DefaultChannelPipeline onUnhandledInboundException
WARNING: An exceptionCaught() event was fired, and it reached at the tail of the pipeline. It usually means the last handler in the pipeline did not handle the exception.
java.net.SocketException: Connection reset
	at java.base/sun.nio.ch.SocketChannelImpl.throwConnectionReset(SocketChannelImpl.java:399)
	at java.base/sun.nio.ch.SocketChannelImpl.implRead(SocketChannelImpl.java:431)
	at java.base/sun.nio.ch.SocketChannelImpl.read(SocketChannelImpl.java:489)
	at io.netty.buffer.PooledByteBuf.setBytes(PooledByteBuf.java:255)
	at io.netty.buffer.AbstractByteBuf.writeBytes(AbstractByteBuf.java:1132)
	at io.netty.channel.socket.nio.NioSocketChannel.doReadBytes(NioSocketChannel.java:356)
	at io.netty.channel.nio.AbstractNioByteChannel$NioByteUnsafe.read(AbstractNioByteChannel.java:156)
	at io.netty.channel.nio.NioEventLoop.processSelectedKey(NioEventLoop.java:796)
	at io.netty.channel.nio.NioEventLoop.processSelectedKeysOptimized(NioEventLoop.java:732)
	at io.netty.channel.nio.NioEventLoop.processSelectedKeys(NioEventLoop.java:658)
	at io.netty.channel.nio.NioEventLoop.run(NioEventLoop.java:562)
	at io.netty.util.concurrent.SingleThreadEventExecutor$4.run(SingleThreadEventExecutor.java:998)
	at io.netty.util.internal.ThreadExecutorMap$2.run(ThreadExecutorMap.java:74)
	at io.netty.util.concurrent.FastThreadLocalRunnable.run(FastThreadLocalRunnable.java:30)
	at java.base/java.lang.Thread.run(Thread.java:1474)

 {"metadata":{"emulator":{"name":"firestore"},"message":"Aug 25, 2026 7:26:19 PM io.netty.channel.DefaultChannelPipeline onUnhandledInboundException\r\nWARNING: An exceptionCaught() event was fired, and it reached at the tail of the pipeline. It usually means the last handler in the pipeline did not handle the exception.\r\njava.net.SocketException: Connection reset\r\n\tat java.base/sun.nio.ch.SocketChannelImpl.throwConnectionReset(SocketChannelImpl.java:399)\r\n\tat java.base/sun.nio.ch.SocketChannelImpl.implRead(SocketChannelImpl.java:431)\r\n\tat java.base/sun.nio.ch.SocketChannelImpl.read(SocketChannelImpl.java:489)\r\n\tat io.netty.buffer.PooledByteBuf.setBytes(PooledByteBuf.java:255)\r\n\tat io.netty.buffer.AbstractByteBuf.writeBytes(AbstractByteBuf.java:1132)\r\n\tat io.netty.channel.socket.nio.NioSocketChannel.doReadBytes(NioSocketChannel.java:356)\r\n\tat io.netty.channel.nio.AbstractNioByteChannel$NioByteUnsafe.read(AbstractNioByteChannel.java:156)\r\n\tat io.netty.channel.nio.NioEventLoop.processSelectedKey(NioEventLoop.java:796)\r\n\tat io.netty.channel.nio.NioEventLoop.processSelectedKeysOptimized(NioEventLoop.java:732)\r\n\tat io.netty.channel.nio.NioEventLoop.processSelectedKeys(NioEventLoop.java:658)\r\n\tat io.netty.channel.nio.NioEventLoop.run(NioEventLoop.java:562)\r\n\tat io.netty.util.concurrent.SingleThreadEventExecutor$4.run(SingleThreadEventExecutor.java:998)\r\n\tat io.netty.util.internal.ThreadExecutorMap$2.run(ThreadExecutorMap.java:74)\r\n\tat io.netty.util.concurrent.FastThreadLocalRunnable.run(FastThreadLocalRunnable.java:30)\r\n\tat java.base/java.lang.Thread.run(Thread.java:1474)\r\n\r\n"}}
[debug] [2026-08-25T11:26:19.262Z] Aug 25, 2026 7:26:19 PM io.netty.channel.DefaultChannelPipeline onUnhandledInboundException
WARNING: An exceptionCaught() event was fired, and it reached at the tail of the pipeline. It usually means the last handler in the pipeline did not handle the exception.
java.net.SocketException: Connection reset
	at java.base/sun.nio.ch.SocketChannelImpl.throwConnectionReset(SocketChannelImpl.java:399)
	at java.base/sun.nio.ch.SocketChannelImpl.implRead(SocketChannelImpl.java:431)
	at java.base/sun.nio.ch.SocketChannelImpl.read(SocketChannelImpl.java:489)
	at io.netty.buffer.PooledByteBuf.setBytes(PooledByteBuf.java:255)
	at io.netty.buffer.AbstractByteBuf.writeBytes(AbstractByteBuf.java:1132)
	at io.netty.channel.socket.nio.NioSocketChannel.doReadBytes(NioSocketChannel.java:356)
	at io.netty.channel.nio.AbstractNioByteChannel$NioByteUnsafe.read(AbstractNioByteChannel.java:156)
	at io.netty.channel.nio.NioEventLoop.processSelectedKey(NioEventLoop.java:796)
	at io.netty.channel.nio.NioEventLoop.processSelectedKeysOptimized(NioEventLoop.java:732)
	at io.netty.channel.nio.NioEventLoop.processSelectedKeys(NioEventLoop.java:658)
	at io.netty.channel.nio.NioEventLoop.run(NioEventLoop.java:562)
	at io.netty.util.concurrent.SingleThreadEventExecutor$4.run(SingleThreadEventExecutor.java:998)
	at io.netty.util.internal.ThreadExecutorMap$2.run(ThreadExecutorMap.java:74)
	at io.netty.util.concurrent.FastThreadLocalRunnable.run(FastThreadLocalRunnable.java:30)
	at java.base/java.lang.Thread.run(Thread.java:1474)

 {"metadata":{"emulator":{"name":"firestore"},"message":"Aug 25, 2026 7:26:19 PM io.netty.channel.DefaultChannelPipeline onUnhandledInboundException\r\nWARNING: An exceptionCaught() event was fired, and it reached at the tail of the pipeline. It usually means the last handler in the pipeline did not handle the exception.\r\njava.net.SocketException: Connection reset\r\n\tat java.base/sun.nio.ch.SocketChannelImpl.throwConnectionReset(SocketChannelImpl.java:399)\r\n\tat java.base/sun.nio.ch.SocketChannelImpl.implRead(SocketChannelImpl.java:431)\r\n\tat java.base/sun.nio.ch.SocketChannelImpl.read(SocketChannelImpl.java:489)\r\n\tat io.netty.buffer.PooledByteBuf.setBytes(PooledByteBuf.java:255)\r\n\tat io.netty.buffer.AbstractByteBuf.writeBytes(AbstractByteBuf.java:1132)\r\n\tat io.netty.channel.socket.nio.NioSocketChannel.doReadBytes(NioSocketChannel.java:356)\r\n\tat io.netty.channel.nio.AbstractNioByteChannel$NioByteUnsafe.read(AbstractNioByteChannel.java:156)\r\n\tat io.netty.channel.nio.NioEventLoop.processSelectedKey(NioEventLoop.java:796)\r\n\tat io.netty.channel.nio.NioEventLoop.processSelectedKeysOptimized(NioEventLoop.java:732)\r\n\tat io.netty.channel.nio.NioEventLoop.processSelectedKeys(NioEventLoop.java:658)\r\n\tat io.netty.channel.nio.NioEventLoop.run(NioEventLoop.java:562)\r\n\tat io.netty.util.concurrent.SingleThreadEventExecutor$4.run(SingleThreadEventExecutor.java:998)\r\n\tat io.netty.util.internal.ThreadExecutorMap$2.run(ThreadExecutorMap.java:74)\r\n\tat io.netty.util.concurrent.FastThreadLocalRunnable.run(FastThreadLocalRunnable.java:30)\r\n\tat java.base/java.lang.Thread.run(Thread.java:1474)\r\n\r\n"}}
[debug] [2026-08-25T11:26:36.712Z] Aug 25, 2026 7:26:36 PM io.gapi.emulators.netty.HttpVersionRoutingHandler channelRead
INFO: Detected non-HTTP/2 connection.
 {"metadata":{"emulator":{"name":"firestore"},"message":"Aug 25, 2026 7:26:36 PM io.gapi.emulators.netty.HttpVersionRoutingHandler channelRead\r\nINFO: Detected non-HTTP/2 connection.\r\n"}}
[debug] [2026-08-25T11:26:36.742Z] Aug 25, 2026 7:26:36 PM io.gapi.emulators.netty.HttpVersionRoutingHandler channelRead
INFO: Detected non-HTTP/2 connection.
 {"metadata":{"emulator":{"name":"firestore"},"message":"Aug 25, 2026 7:26:36 PM io.gapi.emulators.netty.HttpVersionRoutingHandler channelRead\r\nINFO: Detected non-HTTP/2 connection.\r\n"}}
[debug] [2026-08-25T11:26:36.798Z] Aug 25, 2026 7:26:36 PM io.gapi.emulators.netty.HttpVersionRoutingHandler channelRead
INFO: Detected HTTP/2 connection.
 {"metadata":{"emulator":{"name":"firestore"},"message":"Aug 25, 2026 7:26:36 PM io.gapi.emulators.netty.HttpVersionRoutingHandler channelRead\r\nINFO: Detected HTTP/2 connection.\r\n"}}
[debug] [2026-08-25T11:26:36.808Z] Aug 25, 2026 7:26:36 PM com.google.cloud.datastore.emulator.impl.util.WrappedStreamObserver onError
WARNING: Operation failed: 
false for 'create' @ L18, false for 'update' @ L18
com.google.cloud.datastore.core.exception.DatastoreException: 
false for 'create' @ L18, false for 'update' @ L18
	at com.google.cloud.datastore.core.exception.DatastoreException$Builder.build(DatastoreException.java:152)
	at com.google.cloud.datastore.emulator.impl.rules.DefaultEmulatorRulesAuthorizer.verboseError(DefaultEmulatorRulesAuthorizer.java:349)
	at com.google.cloud.datastore.emulator.impl.rules.DefaultEmulatorRulesAuthorizer.withVerboseErrors(DefaultEmulatorRulesAuthorizer.java:326)
	at com.google.cloud.datastore.emulator.impl.rules.DefaultEmulatorRulesAuthorizer.checkCommit(DefaultEmulatorRulesAuthorizer.java:113)
	at com.google.cloud.datastore.emulator.impl.firestore.FirestoreEmulatorHelper.commitHelper(FirestoreEmulatorHelper.java:407)
	at com.google.cloud.datastore.emulator.impl.firestore.FirestoreEmulatorHelper.internalCommit(FirestoreEmulatorHelper.java:348)
	at com.google.cloud.datastore.emulator.impl.firestore.CloudFirestoreV1.internalCommit(CloudFirestoreV1.java:1336)
	at com.google.cloud.datastore.emulator.impl.firestore.CloudFirestoreV1.write(CloudFirestoreV1.java:1321)
	at com.google.cloud.datastore.emulator.impl.firestore.CloudFirestoreV1WriteStream.handleRequest(CloudFirestoreV1WriteStream.java:222)
	at com.google.cloud.datastore.emulator.impl.firestore.CloudFirestoreV1WriteStream.write(CloudFirestoreV1WriteStream.java:144)
	at com.google.cloud.datastore.emulator.impl.firestore.CloudFirestoreV1WriteStream.onNext(CloudFirestoreV1WriteStream.java:99)
	at com.google.cloud.datastore.emulator.impl.firestore.CloudFirestoreV1WriteStream.onNext(CloudFirestoreV1WriteStream.java:27)
	at io.grpc.stub.ServerCalls$StreamingServerCallHandler$StreamingServerCallListener.onMessage(ServerCalls.java:262)
	at io.grpc.ForwardingServerCallListener.onMessage(ForwardingServerCallListener.java:33)
	at io.grpc.Contexts$ContextualizedServerCallListener.onMessage(Contexts.java:76)
	at io.grpc.ForwardingServerCallListener.onMessage(ForwardingServerCallListener.java:33)
	at io.grpc.Contexts$ContextualizedServerCallListener.onMessage(Contexts.java:76)
	at io.grpc.internal.ServerCallImpl$ServerStreamListenerImpl.messagesAvailableInternal(ServerCallImpl.java:334)
	at io.grpc.internal.ServerCallImpl$ServerStreamListenerImpl.messagesAvailable(ServerCallImpl.java:319)
	at io.grpc.internal.ServerImpl$JumpToApplicationThreadServerStreamListener$1MessagesAvailable.runInContext(ServerImpl.java:852)
	at io.grpc.internal.ContextRunnable.run(ContextRunnable.java:37)
	at io.grpc.internal.SerializingExecutor.run(SerializingExecutor.java:133)
	at java.base/java.util.concurrent.ThreadPoolExecutor.runWorker(ThreadPoolExecutor.java:1090)
	at java.base/java.util.concurrent.ThreadPoolExecutor$Worker.run(ThreadPoolExecutor.java:614)
	at java.base/java.lang.Thread.run(Thread.java:1474)

 {"metadata":{"emulator":{"name":"firestore"},"message":"Aug 25, 2026 7:26:36 PM com.google.cloud.datastore.emulator.impl.util.WrappedStreamObserver onError\r\nWARNING: Operation failed: \nfalse for 'create' @ L18, false for 'update' @ L18\r\ncom.google.cloud.datastore.core.exception.DatastoreException: \nfalse for 'create' @ L18, false for 'update' @ L18\r\n\tat com.google.cloud.datastore.core.exception.DatastoreException$Builder.build(DatastoreException.java:152)\r\n\tat com.google.cloud.datastore.emulator.impl.rules.DefaultEmulatorRulesAuthorizer.verboseError(DefaultEmulatorRulesAuthorizer.java:349)\r\n\tat com.google.cloud.datastore.emulator.impl.rules.DefaultEmulatorRulesAuthorizer.withVerboseErrors(DefaultEmulatorRulesAuthorizer.java:326)\r\n\tat com.google.cloud.datastore.emulator.impl.rules.DefaultEmulatorRulesAuthorizer.checkCommit(DefaultEmulatorRulesAuthorizer.java:113)\r\n\tat com.google.cloud.datastore.emulator.impl.firestore.FirestoreEmulatorHelper.commitHelper(FirestoreEmulatorHelper.java:407)\r\n\tat com.google.cloud.datastore.emulator.impl.firestore.FirestoreEmulatorHelper.internalCommit(FirestoreEmulatorHelper.java:348)\r\n\tat com.google.cloud.datastore.emulator.impl.firestore.CloudFirestoreV1.internalCommit(CloudFirestoreV1.java:1336)\r\n\tat com.google.cloud.datastore.emulator.impl.firestore.CloudFirestoreV1.write(CloudFirestoreV1.java:1321)\r\n\tat com.google.cloud.datastore.emulator.impl.firestore.CloudFirestoreV1WriteStream.handleRequest(CloudFirestoreV1WriteStream.java:222)\r\n\tat com.google.cloud.datastore.emulator.impl.firestore.CloudFirestoreV1WriteStream.write(CloudFirestoreV1WriteStream.java:144)\r\n\tat com.google.cloud.datastore.emulator.impl.firestore.CloudFirestoreV1WriteStream.onNext(CloudFirestoreV1WriteStream.java:99)\r\n\tat com.google.cloud.datastore.emulator.impl.firestore.CloudFirestoreV1WriteStream.onNext(CloudFirestoreV1WriteStream.java:27)\r\n\tat io.grpc.stub.ServerCalls$StreamingServerCallHandler$StreamingServerCallListener.onMessage(ServerCalls.java:262)\r\n\tat io.grpc.ForwardingServerCallListener.onMessage(ForwardingServerCallListener.java:33)\r\n\tat io.grpc.Contexts$ContextualizedServerCallListener.onMessage(Contexts.java:76)\r\n\tat io.grpc.ForwardingServerCallListener.onMessage(ForwardingServerCallListener.java:33)\r\n\tat io.grpc.Contexts$ContextualizedServerCallListener.onMessage(Contexts.java:76)\r\n\tat io.grpc.internal.ServerCallImpl$ServerStreamListenerImpl.messagesAvailableInternal(ServerCallImpl.java:334)\r\n\tat io.grpc.internal.ServerCallImpl$ServerStreamListenerImpl.messagesAvailable(ServerCallImpl.java:319)\r\n\tat io.grpc.internal.ServerImpl$JumpToApplicationThreadServerStreamListener$1MessagesAvailable.runInContext(ServerImpl.java:852)\r\n\tat io.grpc.internal.ContextRunnable.run(ContextRunnable.java:37)\r\n\tat io.grpc.internal.SerializingExecutor.run(SerializingExecutor.java:133)\r\n\tat java.base/java.util.concurrent.ThreadPoolExecutor.runWorker(ThreadPoolExecutor.java:1090)\r\n\tat java.base/java.util.concurrent.ThreadPoolExecutor$Worker.run(ThreadPoolExecutor.java:614)\r\n\tat java.base/java.lang.Thread.run(Thread.java:1474)\r\n\r\n"}}
[debug] [2026-08-25T11:26:36.933Z] Aug 25, 2026 7:26:36 PM com.google.cloud.datastore.emulator.impl.util.WrappedStreamObserver onError
WARNING: Operation failed: 
evaluation error at L31:9 for 'create' @ L31, evaluation error at L47:24 for 'update' @ L47, false for 'create' @ L31
com.google.cloud.datastore.core.exception.DatastoreException: 
evaluation error at L31:9 for 'create' @ L31, evaluation error at L47:24 for 'update' @ L47, false for 'create' @ L31
	at com.google.cloud.datastore.core.exception.DatastoreException$Builder.build(DatastoreException.java:152)
	at com.google.cloud.datastore.emulator.impl.rules.DefaultEmulatorRulesAuthorizer.verboseError(DefaultEmulatorRulesAuthorizer.java:349)
	at com.google.cloud.datastore.emulator.impl.rules.DefaultEmulatorRulesAuthorizer.withVerboseErrors(DefaultEmulatorRulesAuthorizer.java:326)
	at com.google.cloud.datastore.emulator.impl.rules.DefaultEmulatorRulesAuthorizer.checkCommit(DefaultEmulatorRulesAuthorizer.java:113)
	at com.google.cloud.datastore.emulator.impl.firestore.FirestoreEmulatorHelper.commitHelper(FirestoreEmulatorHelper.java:407)
	at com.google.cloud.datastore.emulator.impl.firestore.FirestoreEmulatorHelper.internalCommit(FirestoreEmulatorHelper.java:348)
	at com.google.cloud.datastore.emulator.impl.firestore.CloudFirestoreV1.internalCommit(CloudFirestoreV1.java:1336)
	at com.google.cloud.datastore.emulator.impl.firestore.CloudFirestoreV1.write(CloudFirestoreV1.java:1321)
	at com.google.cloud.datastore.emulator.impl.firestore.CloudFirestoreV1WriteStream.handleRequest(CloudFirestoreV1WriteStream.java:222)
	at com.google.cloud.datastore.emulator.impl.firestore.CloudFirestoreV1WriteStream.write(CloudFirestoreV1WriteStream.java:144)
	at com.google.cloud.datastore.emulator.impl.firestore.CloudFirestoreV1WriteStream.onNext(CloudFirestoreV1WriteStream.java:99)
	at com.google.cloud.datastore.emulator.impl.firestore.CloudFirestoreV1WriteStream.onNext(CloudFirestoreV1WriteStream.java:27)
	at io.grpc.stub.ServerCalls$StreamingServerCallHandler$StreamingServerCallListener.onMessage(ServerCalls.java:262)
	at io.grpc.ForwardingServerCallListener.onMessage(ForwardingServerCallListener.java:33)
	at io.grpc.Contexts$ContextualizedServerCallListener.onMessage(Contexts.java:76)
	at io.grpc.ForwardingServerCallListener.onMessage(ForwardingServerCallListener.java:33)
	at io.grpc.Contexts$ContextualizedServerCallListener.onMessage(Contexts.java:76)
	at io.grpc.internal.ServerCallImpl$ServerStreamListenerImpl.messagesAvailableInternal(ServerCallImpl.java:334)
	at io.grpc.internal.ServerCallImpl$ServerStreamListenerImpl.messagesAvailable(ServerCallImpl.java:319)
	at io.grpc.internal.ServerImpl$JumpToApplicationThreadServerStreamListener$1MessagesAvailable.runInContext(ServerImpl.java:852)
	at io.grpc.internal.ContextRunnable.run(ContextRunnable.java:37)
	at io.grpc.internal.SerializingExecutor.run(SerializingExecutor.java:133)
	at java.base/java.util.concurrent.ThreadPoolExecutor.runWorker(ThreadPoolExecutor.java:1090)
	at java.base/java.util.concurrent.ThreadPoolExecutor$Worker.run(ThreadPoolExecutor.java:614)
	at java.base/java.lang.Thread.run(Thread.java:1474)

 {"metadata":{"emulator":{"name":"firestore"},"message":"Aug 25, 2026 7:26:36 PM com.google.cloud.datastore.emulator.impl.util.WrappedStreamObserver onError\r\nWARNING: Operation failed: \nevaluation error at L31:9 for 'create' @ L31, evaluation error at L47:24 for 'update' @ L47, false for 'create' @ L31\r\ncom.google.cloud.datastore.core.exception.DatastoreException: \nevaluation error at L31:9 for 'create' @ L31, evaluation error at L47:24 for 'update' @ L47, false for 'create' @ L31\r\n\tat com.google.cloud.datastore.core.exception.DatastoreException$Builder.build(DatastoreException.java:152)\r\n\tat com.google.cloud.datastore.emulator.impl.rules.DefaultEmulatorRulesAuthorizer.verboseError(DefaultEmulatorRulesAuthorizer.java:349)\r\n\tat com.google.cloud.datastore.emulator.impl.rules.DefaultEmulatorRulesAuthorizer.withVerboseErrors(DefaultEmulatorRulesAuthorizer.java:326)\r\n\tat com.google.cloud.datastore.emulator.impl.rules.DefaultEmulatorRulesAuthorizer.checkCommit(DefaultEmulatorRulesAuthorizer.java:113)\r\n\tat com.google.cloud.datastore.emulator.impl.firestore.FirestoreEmulatorHelper.commitHelper(FirestoreEmulatorHelper.java:407)\r\n\tat com.google.cloud.datastore.emulator.impl.firestore.FirestoreEmulatorHelper.internalCommit(FirestoreEmulatorHelper.java:348)\r\n\tat com.google.cloud.datastore.emulator.impl.firestore.CloudFirestoreV1.internalCommit(CloudFirestoreV1.java:1336)\r\n\tat com.google.cloud.datastore.emulator.impl.firestore.CloudFirestoreV1.write(CloudFirestoreV1.java:1321)\r\n\tat com.google.cloud.datastore.emulator.impl.firestore.CloudFirestoreV1WriteStream.handleRequest(CloudFirestoreV1WriteStream.java:222)\r\n\tat com.google.cloud.datastore.emulator.impl.firestore.CloudFirestoreV1WriteStream.write(CloudFirestoreV1WriteStream.java:144)\r\n\tat com.google.cloud.datastore.emulator.impl.firestore.CloudFirestoreV1WriteStream.onNext(CloudFirestoreV1WriteStream.java:99)\r\n\tat com.google.cloud.datastore.emulator.impl.firestore.CloudFirestoreV1WriteStream.onNext(CloudFirestoreV1WriteStream.java:27)\r\n\tat io.grpc.stub.ServerCalls$StreamingServerCallHandler$StreamingServerCallListener.onMessage(ServerCalls.java:262)\r\n\tat io.grpc.ForwardingServerCallListener.onMessage(ForwardingServerCallListener.java:33)\r\n\tat io.grpc.Contexts$ContextualizedServerCallListener.onMessage(Contexts.java:76)\r\n\tat io.grpc.ForwardingServerCallListener.onMessage(ForwardingServerCallListener.java:33)\r\n\tat io.grpc.Contexts$ContextualizedServerCallListener.onMessage(Contexts.java:76)\r\n\tat io.grpc.internal.ServerCallImpl$ServerStreamListenerImpl.messagesAvailableInternal(ServerCallImpl.java:334)\r\n\tat io.grpc.internal.ServerCallImpl$ServerStreamListenerImpl.messagesAvailable(ServerCallImpl.java:319)\r\n\tat io.grpc.internal.ServerImpl$JumpToApplicationThreadServerStreamListener$1MessagesAvailable.runInContext(ServerImpl.java:852)\r\n\tat io.grpc.internal.ContextRunnable.run(ContextRunnable.java:37)\r\n\tat io.grpc.internal.SerializingExecutor.run(SerializingExecutor.java:133)\r\n\tat java.base/java.util.concurrent.ThreadPoolExecutor.runWorker(ThreadPoolExecutor.java:1090)\r\n\tat java.base/java.util.concurrent.ThreadPoolExecutor$Worker.run(ThreadPoolExecutor.java:614)\r\n\tat java.base/java.lang.Thread.run(Thread.java:1474)\r\n\r\n"}}
[debug] [2026-08-25T11:26:36.980Z] Aug 25, 2026 7:26:36 PM com.google.cloud.datastore.emulator.impl.util.WrappedStreamObserver onError
WARNING: Operation failed: 
false for 'create' @ L31, evaluation error at L47:24 for 'update' @ L47, false for 'create' @ L31
com.google.cloud.datastore.core.exception.DatastoreException: 
false for 'create' @ L31, evaluation error at L47:24 for 'update' @ L47, false for 'create' @ L31
	at com.google.cloud.datastore.core.exception.DatastoreException$Builder.build(DatastoreException.java:152)
	at com.google.cloud.datastore.emulator.impl.rules.DefaultEmulatorRulesAuthorizer.verboseError(DefaultEmulatorRulesAuthorizer.java:349)
	at com.google.cloud.datastore.emulator.impl.rules.DefaultEmulatorRulesAuthorizer.withVerboseErrors(DefaultEmulatorRulesAuthorizer.java:326)
	at com.google.cloud.datastore.emulator.impl.rules.DefaultEmulatorRulesAuthorizer.checkCommit(DefaultEmulatorRulesAuthorizer.java:113)
	at com.google.cloud.datastore.emulator.impl.firestore.FirestoreEmulatorHelper.commitHelper(FirestoreEmulatorHelper.java:407)
	at com.google.cloud.datastore.emulator.impl.firestore.FirestoreEmulatorHelper.internalCommit(FirestoreEmulatorHelper.java:348)
	at com.google.cloud.datastore.emulator.impl.firestore.CloudFirestoreV1.internalCommit(CloudFirestoreV1.java:1336)
	at com.google.cloud.datastore.emulator.impl.firestore.CloudFirestoreV1.write(CloudFirestoreV1.java:1321)
	at com.google.cloud.datastore.emulator.impl.firestore.CloudFirestoreV1WriteStream.handleRequest(CloudFirestoreV1WriteStream.java:222)
	at com.google.cloud.datastore.emulator.impl.firestore.CloudFirestoreV1WriteStream.write(CloudFirestoreV1WriteStream.java:144)
	at com.google.cloud.datastore.emulator.impl.firestore.CloudFirestoreV1WriteStream.onNext(CloudFirestoreV1WriteStream.java:99)
	at com.google.cloud.datastore.emulator.impl.firestore.CloudFirestoreV1WriteStream.onNext(CloudFirestoreV1WriteStream.java:27)
	at io.grpc.stub.ServerCalls$StreamingServerCallHandler$StreamingServerCallListener.onMessage(ServerCalls.java:262)
	at io.grpc.ForwardingServerCallListener.onMessage(ForwardingServerCallListener.java:33)
	at io.grpc.Contexts$ContextualizedServerCallListener.onMessage(Contexts.java:76)
	at io.grpc.ForwardingServerCallListener.onMessage(ForwardingServerCallListener.java:33)
	at io.grpc.Contexts$ContextualizedServerCallListener.onMessage(Contexts.java:76)
	at io.grpc.internal.ServerCallImpl$ServerStreamListenerImpl.messagesAvailableInternal(ServerCallImpl.java:334)
	at io.grpc.internal.ServerCallImpl$ServerStreamListenerImpl.messagesAvailable(ServerCallImpl.java:319)
	at io.grpc.internal.ServerImpl$JumpToApplicationThreadServerStreamListener$1MessagesAvailable.runInContext(ServerImpl.java:852)
	at io.grpc.internal.ContextRunnable.run(ContextRunnable.java:37)
	at io.grpc.internal.SerializingExecutor.run(SerializingExecutor.java:133)
	at java.base/java.util.concurrent.ThreadPoolExecutor.runWorker(ThreadPoolExecutor.java:1090)
	at java.base/java.util.concurrent.ThreadPoolExecutor$Worker.run(ThreadPoolExecutor.java:614)
	at java.base/java.lang.Thread.run(Thread.java:1474)

 {"metadata":{"emulator":{"name":"firestore"},"message":"Aug 25, 2026 7:26:36 PM com.google.cloud.datastore.emulator.impl.util.WrappedStreamObserver onError\r\nWARNING: Operation failed: \nfalse for 'create' @ L31, evaluation error at L47:24 for 'update' @ L47, false for 'create' @ L31\r\ncom.google.cloud.datastore.core.exception.DatastoreException: \nfalse for 'create' @ L31, evaluation error at L47:24 for 'update' @ L47, false for 'create' @ L31\r\n\tat com.google.cloud.datastore.core.exception.DatastoreException$Builder.build(DatastoreException.java:152)\r\n\tat com.google.cloud.datastore.emulator.impl.rules.DefaultEmulatorRulesAuthorizer.verboseError(DefaultEmulatorRulesAuthorizer.java:349)\r\n\tat com.google.cloud.datastore.emulator.impl.rules.DefaultEmulatorRulesAuthorizer.withVerboseErrors(DefaultEmulatorRulesAuthorizer.java:326)\r\n\tat com.google.cloud.datastore.emulator.impl.rules.DefaultEmulatorRulesAuthorizer.checkCommit(DefaultEmulatorRulesAuthorizer.java:113)\r\n\tat com.google.cloud.datastore.emulator.impl.firestore.FirestoreEmulatorHelper.commitHelper(FirestoreEmulatorHelper.java:407)\r\n\tat com.google.cloud.datastore.emulator.impl.firestore.FirestoreEmulatorHelper.internalCommit(FirestoreEmulatorHelper.java:348)\r\n\tat com.google.cloud.datastore.emulator.impl.firestore.CloudFirestoreV1.internalCommit(CloudFirestoreV1.java:1336)\r\n\tat com.google.cloud.datastore.emulator.impl.firestore.CloudFirestoreV1.write(CloudFirestoreV1.java:1321)\r\n\tat com.google.cloud.datastore.emulator.impl.firestore.CloudFirestoreV1WriteStream.handleRequest(CloudFirestoreV1WriteStream.java:222)\r\n\tat com.google.cloud.datastore.emulator.impl.firestore.CloudFirestoreV1WriteStream.write(CloudFirestoreV1WriteStream.java:144)\r\n\tat com.google.cloud.datastore.emulator.impl.firestore.CloudFirestoreV1WriteStream.onNext(CloudFirestoreV1WriteStream.java:99)\r\n\tat com.google.cloud.datastore.emulator.impl.firestore.CloudFirestoreV1WriteStream.onNext(CloudFirestoreV1WriteStream.java:27)\r\n\tat io.grpc.stub.ServerCalls$StreamingServerCallHandler$StreamingServerCallListener.onMessage(ServerCalls.java:262)\r\n\tat io.grpc.ForwardingServerCallListener.onMessage(ForwardingServerCallListener.java:33)\r\n\tat io.grpc.Contexts$ContextualizedServerCallListener.onMessage(Contexts.java:76)\r\n\tat io.grpc.ForwardingServerCallListener.onMessage(ForwardingServerCallListener.java:33)\r\n\tat io.grpc.Contexts$ContextualizedServerCallListener.onMessage(Contexts.java:76)\r\n\tat io.grpc.internal.ServerCallImpl$ServerStreamListenerImpl.messagesAvailableInternal(ServerCallImpl.java:334)\r\n\tat io.grpc.internal.ServerCallImpl$ServerStreamListenerImpl.messagesAvailable(ServerCallImpl.java:319)\r\n\tat io.grpc.internal.ServerImpl$JumpToApplicationThreadServerStreamListener$1MessagesAvailable.runInContext(ServerImpl.java:852)\r\n\tat io.grpc.internal.ContextRunnable.run(ContextRunnable.java:37)\r\n\tat io.grpc.internal.SerializingExecutor.run(SerializingExecutor.java:133)\r\n\tat java.base/java.util.concurrent.ThreadPoolExecutor.runWorker(ThreadPoolExecutor.java:1090)\r\n\tat java.base/java.util.concurrent.ThreadPoolExecutor$Worker.run(ThreadPoolExecutor.java:614)\r\n\tat java.base/java.lang.Thread.run(Thread.java:1474)\r\n\r\n"}}
[debug] [2026-08-25T11:26:37.109Z] Aug 25, 2026 7:26:37 PM com.google.cloud.datastore.emulator.impl.util.WrappedStreamObserver onError
WARNING: Operation failed: 
evaluation error at L47:24 for 'update' @ L47, false for 'update' @ L47
com.google.cloud.datastore.core.exception.DatastoreException: 
evaluation error at L47:24 for 'update' @ L47, false for 'update' @ L47
	at com.google.cloud.datastore.core.exception.DatastoreException$Builder.build(DatastoreException.java:152)
	at com.google.cloud.datastore.emulator.impl.rules.DefaultEmulatorRulesAuthorizer.verboseError(DefaultEmulatorRulesAuthorizer.java:349)
	at com.google.cloud.datastore.emulator.impl.rules.DefaultEmulatorRulesAuthorizer.withVerboseErrors(DefaultEmulatorRulesAuthorizer.java:326)
	at com.google.cloud.datastore.emulator.impl.rules.DefaultEmulatorRulesAuthorizer.checkCommit(DefaultEmulatorRulesAuthorizer.java:113)
	at com.google.cloud.datastore.emulator.impl.firestore.FirestoreEmulatorHelper.commitHelper(FirestoreEmulatorHelper.java:407)
	at com.google.cloud.datastore.emulator.impl.firestore.FirestoreEmulatorHelper.internalCommit(FirestoreEmulatorHelper.java:348)
	at com.google.cloud.datastore.emulator.impl.firestore.CloudFirestoreV1.internalCommit(CloudFirestoreV1.java:1336)
	at com.google.cloud.datastore.emulator.impl.firestore.CloudFirestoreV1.write(CloudFirestoreV1.java:1321)
	at com.google.cloud.datastore.emulator.impl.firestore.CloudFirestoreV1WriteStream.handleRequest(CloudFirestoreV1WriteStream.java:222)
	at com.google.cloud.datastore.emulator.impl.firestore.CloudFirestoreV1WriteStream.write(CloudFirestoreV1WriteStream.java:144)
	at com.google.cloud.datastore.emulator.impl.firestore.CloudFirestoreV1WriteStream.onNext(CloudFirestoreV1WriteStream.java:99)
	at com.google.cloud.datastore.emulator.impl.firestore.CloudFirestoreV1WriteStream.onNext(CloudFirestoreV1WriteStream.java:27)
	at io.grpc.stub.ServerCalls$StreamingServerCallHandler$StreamingServerCallListener.onMessage(ServerCalls.java:262)
	at io.grpc.ForwardingServerCallListener.onMessage(ForwardingServerCallListener.java:33)
	at io.grpc.Contexts$ContextualizedServerCallListener.onMessage(Contexts.java:76)
	at io.grpc.ForwardingServerCallListener.onMessage(ForwardingServerCallListener.java:33)
	at io.grpc.Contexts$ContextualizedServerCallListener.onMessage(Contexts.java:76)
	at io.grpc.internal.ServerCallImpl$ServerStreamListenerImpl.messagesAvailableInternal(ServerCallImpl.java:334)
	at io.grpc.internal.ServerCallImpl$ServerStreamListenerImpl.messagesAvailable(ServerCallImpl.java:319)
	at io.grpc.internal.ServerImpl$JumpToApplicationThreadServerStreamListener$1MessagesAvailable.runInContext(ServerImpl.java:852)
	at io.grpc.internal.ContextRunnable.run(ContextRunnable.java:37)
	at io.grpc.internal.SerializingExecutor.run(SerializingExecutor.java:133)
	at java.base/java.util.concurrent.ThreadPoolExecutor.runWorker(ThreadPoolExecutor.java:1090)
	at java.base/java.util.concurrent.ThreadPoolExecutor$Worker.run(ThreadPoolExecutor.java:614)
	at java.base/java.lang.Thread.run(Thread.java:1474)

 {"metadata":{"emulator":{"name":"firestore"},"message":"Aug 25, 2026 7:26:37 PM com.google.cloud.datastore.emulator.impl.util.WrappedStreamObserver onError\r\nWARNING: Operation failed: \nevaluation error at L47:24 for 'update' @ L47, false for 'update' @ L47\r\ncom.google.cloud.datastore.core.exception.DatastoreException: \nevaluation error at L47:24 for 'update' @ L47, false for 'update' @ L47\r\n\tat com.google.cloud.datastore.core.exception.DatastoreException$Builder.build(DatastoreException.java:152)\r\n\tat com.google.cloud.datastore.emulator.impl.rules.DefaultEmulatorRulesAuthorizer.verboseError(DefaultEmulatorRulesAuthorizer.java:349)\r\n\tat com.google.cloud.datastore.emulator.impl.rules.DefaultEmulatorRulesAuthorizer.withVerboseErrors(DefaultEmulatorRulesAuthorizer.java:326)\r\n\tat com.google.cloud.datastore.emulator.impl.rules.DefaultEmulatorRulesAuthorizer.checkCommit(DefaultEmulatorRulesAuthorizer.java:113)\r\n\tat com.google.cloud.datastore.emulator.impl.firestore.FirestoreEmulatorHelper.commitHelper(FirestoreEmulatorHelper.java:407)\r\n\tat com.google.cloud.datastore.emulator.impl.firestore.FirestoreEmulatorHelper.internalCommit(FirestoreEmulatorHelper.java:348)\r\n\tat com.google.cloud.datastore.emulator.impl.firestore.CloudFirestoreV1.internalCommit(CloudFirestoreV1.java:1336)\r\n\tat com.google.cloud.datastore.emulator.impl.firestore.CloudFirestoreV1.write(CloudFirestoreV1.java:1321)\r\n\tat com.google.cloud.datastore.emulator.impl.firestore.CloudFirestoreV1WriteStream.handleRequest(CloudFirestoreV1WriteStream.java:222)\r\n\tat com.google.cloud.datastore.emulator.impl.firestore.CloudFirestoreV1WriteStream.write(CloudFirestoreV1WriteStream.java:144)\r\n\tat com.google.cloud.datastore.emulator.impl.firestore.CloudFirestoreV1WriteStream.onNext(CloudFirestoreV1WriteStream.java:99)\r\n\tat com.google.cloud.datastore.emulator.impl.firestore.CloudFirestoreV1WriteStream.onNext(CloudFirestoreV1WriteStream.java:27)\r\n\tat io.grpc.stub.ServerCalls$StreamingServerCallHandler$StreamingServerCallListener.onMessage(ServerCalls.java:262)\r\n\tat io.grpc.ForwardingServerCallListener.onMessage(ForwardingServerCallListener.java:33)\r\n\tat io.grpc.Contexts$ContextualizedServerCallListener.onMessage(Contexts.java:76)\r\n\tat io.grpc.ForwardingServerCallListener.onMessage(ForwardingServerCallListener.java:33)\r\n\tat io.grpc.Contexts$ContextualizedServerCallListener.onMessage(Contexts.java:76)\r\n\tat io.grpc.internal.ServerCallImpl$ServerStreamListenerImpl.messagesAvailableInternal(ServerCallImpl.java:334)\r\n\tat io.grpc.internal.ServerCallImpl$ServerStreamListenerImpl.messagesAvailable(ServerCallImpl.java:319)\r\n\tat io.grpc.internal.ServerImpl$JumpToApplicationThreadServerStreamListener$1MessagesAvailable.runInContext(ServerImpl.java:852)\r\n\tat io.grpc.internal.ContextRunnable.run(ContextRunnable.java:37)\r\n\tat io.grpc.internal.SerializingExecutor.run(SerializingExecutor.java:133)\r\n\tat java.base/java.util.concurrent.ThreadPoolExecutor.runWorker(ThreadPoolExecutor.java:1090)\r\n\tat java.base/java.util.concurrent.ThreadPoolExecutor$Worker.run(ThreadPoolExecutor.java:614)\r\n\tat java.base/java.lang.Thread.run(Thread.java:1474)\r\n\r\n"}}
[debug] [2026-08-25T11:26:37.322Z] Aug 25, 2026 7:26:37 PM com.google.cloud.datastore.emulator.impl.util.WrappedStreamObserver onError
WARNING: Operation failed: 
false for 'create' @ L78, false for 'update' @ L78
com.google.cloud.datastore.core.exception.DatastoreException: 
false for 'create' @ L78, false for 'update' @ L78
	at com.google.cloud.datastore.core.exception.DatastoreException$Builder.build(DatastoreException.java:152)
	at com.google.cloud.datastore.emulator.impl.rules.DefaultEmulatorRulesAuthorizer.verboseError(DefaultEmulatorRulesAuthorizer.java:349)
	at com.google.cloud.datastore.emulator.impl.rules.DefaultEmulatorRulesAuthorizer.withVerboseErrors(DefaultEmulatorRulesAuthorizer.java:326)
	at com.google.cloud.datastore.emulator.impl.rules.DefaultEmulatorRulesAuthorizer.checkCommit(DefaultEmulatorRulesAuthorizer.java:113)
	at com.google.cloud.datastore.emulator.impl.firestore.FirestoreEmulatorHelper.commitHelper(FirestoreEmulatorHelper.java:407)
	at com.google.cloud.datastore.emulator.impl.firestore.FirestoreEmulatorHelper.internalCommit(FirestoreEmulatorHelper.java:348)
	at com.google.cloud.datastore.emulator.impl.firestore.CloudFirestoreV1.internalCommit(CloudFirestoreV1.java:1336)
	at com.google.cloud.datastore.emulator.impl.firestore.CloudFirestoreV1.write(CloudFirestoreV1.java:1321)
	at com.google.cloud.datastore.emulator.impl.firestore.CloudFirestoreV1WriteStream.handleRequest(CloudFirestoreV1WriteStream.java:222)
	at com.google.cloud.datastore.emulator.impl.firestore.CloudFirestoreV1WriteStream.write(CloudFirestoreV1WriteStream.java:144)
	at com.google.cloud.datastore.emulator.impl.firestore.CloudFirestoreV1WriteStream.onNext(CloudFirestoreV1WriteStream.java:99)
	at com.google.cloud.datastore.emulator.impl.firestore.CloudFirestoreV1WriteStream.onNext(CloudFirestoreV1WriteStream.java:27)
	at io.grpc.stub.ServerCalls$StreamingServerCallHandler$StreamingServerCallListener.onMessage(ServerCalls.java:262)
	at io.grpc.ForwardingServerCallListener.onMessage(ForwardingServerCallListener.java:33)
	at io.grpc.Contexts$ContextualizedServerCallListener.onMessage(Contexts.java:76)
	at io.grpc.ForwardingServerCallListener.onMessage(ForwardingServerCallListener.java:33)
	at io.grpc.Contexts$ContextualizedServerCallListener.onMessage(Contexts.java:76)
	at io.grpc.internal.ServerCallImpl$ServerStreamListenerImpl.messagesAvailableInternal(ServerCallImpl.java:334)
	at io.grpc.internal.ServerCallImpl$ServerStreamListenerImpl.messagesAvailable(ServerCallImpl.java:319)
	at io.grpc.internal.ServerImpl$JumpToApplicationThreadServerStreamListener$1MessagesAvailable.runInContext(ServerImpl.java:852)
	at io.grpc.internal.ContextRunnable.run(ContextRunnable.java:37)
	at io.grpc.internal.SerializingExecutor.run(SerializingExecutor.java:133)
	at java.base/java.util.concurrent.ThreadPoolExecutor.runWorker(ThreadPoolExecutor.java:1090)
	at java.base/java.util.concurrent.ThreadPoolExecutor$Worker.run(ThreadPoolExecutor.java:614)
	at java.base/java.lang.Thread.run(Thread.java:1474)

 {"metadata":{"emulator":{"name":"firestore"},"message":"Aug 25, 2026 7:26:37 PM com.google.cloud.datastore.emulator.impl.util.WrappedStreamObserver onError\r\nWARNING: Operation failed: \nfalse for 'create' @ L78, false for 'update' @ L78\r\ncom.google.cloud.datastore.core.exception.DatastoreException: \nfalse for 'create' @ L78, false for 'update' @ L78\r\n\tat com.google.cloud.datastore.core.exception.DatastoreException$Builder.build(DatastoreException.java:152)\r\n\tat com.google.cloud.datastore.emulator.impl.rules.DefaultEmulatorRulesAuthorizer.verboseError(DefaultEmulatorRulesAuthorizer.java:349)\r\n\tat com.google.cloud.datastore.emulator.impl.rules.DefaultEmulatorRulesAuthorizer.withVerboseErrors(DefaultEmulatorRulesAuthorizer.java:326)\r\n\tat com.google.cloud.datastore.emulator.impl.rules.DefaultEmulatorRulesAuthorizer.checkCommit(DefaultEmulatorRulesAuthorizer.java:113)\r\n\tat com.google.cloud.datastore.emulator.impl.firestore.FirestoreEmulatorHelper.commitHelper(FirestoreEmulatorHelper.java:407)\r\n\tat com.google.cloud.datastore.emulator.impl.firestore.FirestoreEmulatorHelper.internalCommit(FirestoreEmulatorHelper.java:348)\r\n\tat com.google.cloud.datastore.emulator.impl.firestore.CloudFirestoreV1.internalCommit(CloudFirestoreV1.java:1336)\r\n\tat com.google.cloud.datastore.emulator.impl.firestore.CloudFirestoreV1.write(CloudFirestoreV1.java:1321)\r\n\tat com.google.cloud.datastore.emulator.impl.firestore.CloudFirestoreV1WriteStream.handleRequest(CloudFirestoreV1WriteStream.java:222)\r\n\tat com.google.cloud.datastore.emulator.impl.firestore.CloudFirestoreV1WriteStream.write(CloudFirestoreV1WriteStream.java:144)\r\n\tat com.google.cloud.datastore.emulator.impl.firestore.CloudFirestoreV1WriteStream.onNext(CloudFirestoreV1WriteStream.java:99)\r\n\tat com.google.cloud.datastore.emulator.impl.firestore.CloudFirestoreV1WriteStream.onNext(CloudFirestoreV1WriteStream.java:27)\r\n\tat io.grpc.stub.ServerCalls$StreamingServerCallHandler$StreamingServerCallListener.onMessage(ServerCalls.java:262)\r\n\tat io.grpc.ForwardingServerCallListener.onMessage(ForwardingServerCallListener.java:33)\r\n\tat io.grpc.Contexts$ContextualizedServerCallListener.onMessage(Contexts.java:76)\r\n\tat io.grpc.ForwardingServerCallListener.onMessage(ForwardingServerCallListener.java:33)\r\n\tat io.grpc.Contexts$ContextualizedServerCallListener.onMessage(Contexts.java:76)\r\n\tat io.grpc.internal.ServerCallImpl$ServerStreamListenerImpl.messagesAvailableInternal(ServerCallImpl.java:334)\r\n\tat io.grpc.internal.ServerCallImpl$ServerStreamListenerImpl.messagesAvailable(ServerCallImpl.java:319)\r\n\tat io.grpc.internal.ServerImpl$JumpToApplicationThreadServerStreamListener$1MessagesAvailable.runInContext(ServerImpl.java:852)\r\n\tat io.grpc.internal.ContextRunnable.run(ContextRunnable.java:37)\r\n\tat io.grpc.internal.SerializingExecutor.run(SerializingExecutor.java:133)\r\n\tat java.base/java.util.concurrent.ThreadPoolExecutor.runWorker(ThreadPoolExecutor.java:1090)\r\n\tat java.base/java.util.concurrent.ThreadPoolExecutor$Worker.run(ThreadPoolExecutor.java:614)\r\n\tat java.base/java.lang.Thread.run(Thread.java:1474)\r\n\r\n"}}
[debug] [2026-08-25T11:26:37.449Z] Aug 25, 2026 7:26:37 PM com.google.cloud.datastore.emulator.impl.util.WrappedStreamObserver onError
WARNING: Operation failed: 
evaluation error at L95:24 for 'update' @ L95, false for 'update' @ L95
com.google.cloud.datastore.core.exception.DatastoreException: 
evaluation error at L95:24 for 'update' @ L95, false for 'update' @ L95
	at com.google.cloud.datastore.core.exception.DatastoreException$Builder.build(DatastoreException.java:152)
	at com.google.cloud.datastore.emulator.impl.rules.DefaultEmulatorRulesAuthorizer.verboseError(DefaultEmulatorRulesAuthorizer.java:349)
	at com.google.cloud.datastore.emulator.impl.rules.DefaultEmulatorRulesAuthorizer.withVerboseErrors(DefaultEmulatorRulesAuthorizer.java:326)
	at com.google.cloud.datastore.emulator.impl.rules.DefaultEmulatorRulesAuthorizer.checkCommit(DefaultEmulatorRulesAuthorizer.java:113)
	at com.google.cloud.datastore.emulator.impl.firestore.FirestoreEmulatorHelper.commitHelper(FirestoreEmulatorHelper.java:407)
	at com.google.cloud.datastore.emulator.impl.firestore.FirestoreEmulatorHelper.internalCommit(FirestoreEmulatorHelper.java:348)
	at com.google.cloud.datastore.emulator.impl.firestore.CloudFirestoreV1.internalCommit(CloudFirestoreV1.java:1336)
	at com.google.cloud.datastore.emulator.impl.firestore.CloudFirestoreV1.write(CloudFirestoreV1.java:1321)
	at com.google.cloud.datastore.emulator.impl.firestore.CloudFirestoreV1WriteStream.handleRequest(CloudFirestoreV1WriteStream.java:222)
	at com.google.cloud.datastore.emulator.impl.firestore.CloudFirestoreV1WriteStream.write(CloudFirestoreV1WriteStream.java:144)
	at com.google.cloud.datastore.emulator.impl.firestore.CloudFirestoreV1WriteStream.onNext(CloudFirestoreV1WriteStream.java:99)
	at com.google.cloud.datastore.emulator.impl.firestore.CloudFirestoreV1WriteStream.onNext(CloudFirestoreV1WriteStream.java:27)
	at io.grpc.stub.ServerCalls$StreamingServerCallHandler$StreamingServerCallListener.onMessage(ServerCalls.java:262)
	at io.grpc.ForwardingServerCallListener.onMessage(ForwardingServerCallListener.java:33)
	at io.grpc.Contexts$ContextualizedServerCallListener.onMessage(Contexts.java:76)
	at io.grpc.ForwardingServerCallListener.onMessage(ForwardingServerCallListener.java:33)
	at io.grpc.Contexts$ContextualizedServerCallListener.onMessage(Contexts.java:76)
	at io.grpc.internal.ServerCallImpl$ServerStreamListenerImpl.messagesAvailableInternal(ServerCallImpl.java:334)
	at io.grpc.internal.ServerCallImpl$ServerStreamListenerImpl.messagesAvailable(ServerCallImpl.java:319)
	at io.grpc.internal.ServerImpl$JumpToApplicationThreadServerStreamListener$1MessagesAvailable.runInContext(ServerImpl.java:852)
	at io.grpc.internal.ContextRunnable.run(ContextRunnable.java:37)
	at io.grpc.internal.SerializingExecutor.run(SerializingExecutor.java:133)
	at java.base/java.util.concurrent.ThreadPoolExecutor.runWorker(ThreadPoolExecutor.java:1090)
	at java.base/java.util.concurrent.ThreadPoolExecutor$Worker.run(ThreadPoolExecutor.java:614)
	at java.base/java.lang.Thread.run(Thread.java:1474)

 {"metadata":{"emulator":{"name":"firestore"},"message":"Aug 25, 2026 7:26:37 PM com.google.cloud.datastore.emulator.impl.util.WrappedStreamObserver onError\r\nWARNING: Operation failed: \nevaluation error at L95:24 for 'update' @ L95, false for 'update' @ L95\r\ncom.google.cloud.datastore.core.exception.DatastoreException: \nevaluation error at L95:24 for 'update' @ L95, false for 'update' @ L95\r\n\tat com.google.cloud.datastore.core.exception.DatastoreException$Builder.build(DatastoreException.java:152)\r\n\tat com.google.cloud.datastore.emulator.impl.rules.DefaultEmulatorRulesAuthorizer.verboseError(DefaultEmulatorRulesAuthorizer.java:349)\r\n\tat com.google.cloud.datastore.emulator.impl.rules.DefaultEmulatorRulesAuthorizer.withVerboseErrors(DefaultEmulatorRulesAuthorizer.java:326)\r\n\tat com.google.cloud.datastore.emulator.impl.rules.DefaultEmulatorRulesAuthorizer.checkCommit(DefaultEmulatorRulesAuthorizer.java:113)\r\n\tat com.google.cloud.datastore.emulator.impl.firestore.FirestoreEmulatorHelper.commitHelper(FirestoreEmulatorHelper.java:407)\r\n\tat com.google.cloud.datastore.emulator.impl.firestore.FirestoreEmulatorHelper.internalCommit(FirestoreEmulatorHelper.java:348)\r\n\tat com.google.cloud.datastore.emulator.impl.firestore.CloudFirestoreV1.internalCommit(CloudFirestoreV1.java:1336)\r\n\tat com.google.cloud.datastore.emulator.impl.firestore.CloudFirestoreV1.write(CloudFirestoreV1.java:1321)\r\n\tat com.google.cloud.datastore.emulator.impl.firestore.CloudFirestoreV1WriteStream.handleRequest(CloudFirestoreV1WriteStream.java:222)\r\n\tat com.google.cloud.datastore.emulator.impl.firestore.CloudFirestoreV1WriteStream.write(CloudFirestoreV1WriteStream.java:144)\r\n\tat com.google.cloud.datastore.emulator.impl.firestore.CloudFirestoreV1WriteStream.onNext(CloudFirestoreV1WriteStream.java:99)\r\n\tat com.google.cloud.datastore.emulator.impl.firestore.CloudFirestoreV1WriteStream.onNext(CloudFirestoreV1WriteStream.java:27)\r\n\tat io.grpc.stub.ServerCalls$StreamingServerCallHandler$StreamingServerCallListener.onMessage(ServerCalls.java:262)\r\n\tat io.grpc.ForwardingServerCallListener.onMessage(ForwardingServerCallListener.java:33)\r\n\tat io.grpc.Contexts$ContextualizedServerCallListener.onMessage(Contexts.java:76)\r\n\tat io.grpc.ForwardingServerCallListener.onMessage(ForwardingServerCallListener.java:33)\r\n\tat io.grpc.Contexts$ContextualizedServerCallListener.onMessage(Contexts.java:76)\r\n\tat io.grpc.internal.ServerCallImpl$ServerStreamListenerImpl.messagesAvailableInternal(ServerCallImpl.java:334)\r\n\tat io.grpc.internal.ServerCallImpl$ServerStreamListenerImpl.messagesAvailable(ServerCallImpl.java:319)\r\n\tat io.grpc.internal.ServerImpl$JumpToApplicationThreadServerStreamListener$1MessagesAvailable.runInContext(ServerImpl.java:852)\r\n\tat io.grpc.internal.ContextRunnable.run(ContextRunnable.java:37)\r\n\tat io.grpc.internal.SerializingExecutor.run(SerializingExecutor.java:133)\r\n\tat java.base/java.util.concurrent.ThreadPoolExecutor.runWorker(ThreadPoolExecutor.java:1090)\r\n\tat java.base/java.util.concurrent.ThreadPoolExecutor$Worker.run(ThreadPoolExecutor.java:614)\r\n\tat java.base/java.lang.Thread.run(Thread.java:1474)\r\n\r\n"}}
[debug] [2026-08-25T11:26:37.586Z] Aug 25, 2026 7:26:37 PM com.google.cloud.datastore.emulator.impl.util.WrappedStreamObserver onError
WARNING: Operation failed: 
evaluation error at L113:24 for 'update' @ L113, false for 'update' @ L113
com.google.cloud.datastore.core.exception.DatastoreException: 
evaluation error at L113:24 for 'update' @ L113, false for 'update' @ L113
	at com.google.cloud.datastore.core.exception.DatastoreException$Builder.build(DatastoreException.java:152)
	at com.google.cloud.datastore.emulator.impl.rules.DefaultEmulatorRulesAuthorizer.verboseError(DefaultEmulatorRulesAuthorizer.java:349)
	at com.google.cloud.datastore.emulator.impl.rules.DefaultEmulatorRulesAuthorizer.withVerboseErrors(DefaultEmulatorRulesAuthorizer.java:326)
	at com.google.cloud.datastore.emulator.impl.rules.DefaultEmulatorRulesAuthorizer.checkCommit(DefaultEmulatorRulesAuthorizer.java:113)
	at com.google.cloud.datastore.emulator.impl.firestore.FirestoreEmulatorHelper.commitHelper(FirestoreEmulatorHelper.java:407)
	at com.google.cloud.datastore.emulator.impl.firestore.FirestoreEmulatorHelper.internalCommit(FirestoreEmulatorHelper.java:348)
	at com.google.cloud.datastore.emulator.impl.firestore.CloudFirestoreV1.internalCommit(CloudFirestoreV1.java:1336)
	at com.google.cloud.datastore.emulator.impl.firestore.CloudFirestoreV1.write(CloudFirestoreV1.java:1321)
	at com.google.cloud.datastore.emulator.impl.firestore.CloudFirestoreV1WriteStream.handleRequest(CloudFirestoreV1WriteStream.java:222)
	at com.google.cloud.datastore.emulator.impl.firestore.CloudFirestoreV1WriteStream.write(CloudFirestoreV1WriteStream.java:144)
	at com.google.cloud.datastore.emulator.impl.firestore.CloudFirestoreV1WriteStream.onNext(CloudFirestoreV1WriteStream.java:99)
	at com.google.cloud.datastore.emulator.impl.firestore.CloudFirestoreV1WriteStream.onNext(CloudFirestoreV1WriteStream.java:27)
	at io.grpc.stub.ServerCalls$StreamingServerCallHandler$StreamingServerCallListener.onMessage(ServerCalls.java:262)
	at io.grpc.ForwardingServerCallListener.onMessage(ForwardingServerCallListener.java:33)
	at io.grpc.Contexts$ContextualizedServerCallListener.onMessage(Contexts.java:76)
	at io.grpc.ForwardingServerCallListener.onMessage(ForwardingServerCallListener.java:33)
	at io.grpc.Contexts$ContextualizedServerCallListener.onMessage(Contexts.java:76)
	at io.grpc.internal.ServerCallImpl$ServerStreamListenerImpl.messagesAvailableInternal(ServerCallImpl.java:334)
	at io.grpc.internal.ServerCallImpl$ServerStreamListenerImpl.messagesAvailable(ServerCallImpl.java:319)
	at io.grpc.internal.ServerImpl$JumpToApplicationThreadServerStreamListener$1MessagesAvailable.runInContext(ServerImpl.java:852)
	at io.grpc.internal.ContextRunnable.run(ContextRunnable.java:37)
	at io.grpc.internal.SerializingExecutor.run(SerializingExecutor.java:133)
	at java.base/java.util.concurrent.ThreadPoolExecutor.runWorker(ThreadPoolExecutor.java:1090)
	at java.base/java.util.concurrent.ThreadPoolExecutor$Worker.run(ThreadPoolExecutor.java:614)
	at java.base/java.lang.Thread.run(Thread.java:1474)

 {"metadata":{"emulator":{"name":"firestore"},"message":"Aug 25, 2026 7:26:37 PM com.google.cloud.datastore.emulator.impl.util.WrappedStreamObserver onError\r\nWARNING: Operation failed: \nevaluation error at L113:24 for 'update' @ L113, false for 'update' @ L113\r\ncom.google.cloud.datastore.core.exception.DatastoreException: \nevaluation error at L113:24 for 'update' @ L113, false for 'update' @ L113\r\n\tat com.google.cloud.datastore.core.exception.DatastoreException$Builder.build(DatastoreException.java:152)\r\n\tat com.google.cloud.datastore.emulator.impl.rules.DefaultEmulatorRulesAuthorizer.verboseError(DefaultEmulatorRulesAuthorizer.java:349)\r\n\tat com.google.cloud.datastore.emulator.impl.rules.DefaultEmulatorRulesAuthorizer.withVerboseErrors(DefaultEmulatorRulesAuthorizer.java:326)\r\n\tat com.google.cloud.datastore.emulator.impl.rules.DefaultEmulatorRulesAuthorizer.checkCommit(DefaultEmulatorRulesAuthorizer.java:113)\r\n\tat com.google.cloud.datastore.emulator.impl.firestore.FirestoreEmulatorHelper.commitHelper(FirestoreEmulatorHelper.java:407)\r\n\tat com.google.cloud.datastore.emulator.impl.firestore.FirestoreEmulatorHelper.internalCommit(FirestoreEmulatorHelper.java:348)\r\n\tat com.google.cloud.datastore.emulator.impl.firestore.CloudFirestoreV1.internalCommit(CloudFirestoreV1.java:1336)\r\n\tat com.google.cloud.datastore.emulator.impl.firestore.CloudFirestoreV1.write(CloudFirestoreV1.java:1321)\r\n\tat com.google.cloud.datastore.emulator.impl.firestore.CloudFirestoreV1WriteStream.handleRequest(CloudFirestoreV1WriteStream.java:222)\r\n\tat com.google.cloud.datastore.emulator.impl.firestore.CloudFirestoreV1WriteStream.write(CloudFirestoreV1WriteStream.java:144)\r\n\tat com.google.cloud.datastore.emulator.impl.firestore.CloudFirestoreV1WriteStream.onNext(CloudFirestoreV1WriteStream.java:99)\r\n\tat com.google.cloud.datastore.emulator.impl.firestore.CloudFirestoreV1WriteStream.onNext(CloudFirestoreV1WriteStream.java:27)\r\n\tat io.grpc.stub.ServerCalls$StreamingServerCallHandler$StreamingServerCallListener.onMessage(ServerCalls.java:262)\r\n\tat io.grpc.ForwardingServerCallListener.onMessage(ForwardingServerCallListener.java:33)\r\n\tat io.grpc.Contexts$ContextualizedServerCallListener.onMessage(Contexts.java:76)\r\n\tat io.grpc.ForwardingServerCallListener.onMessage(ForwardingServerCallListener.java:33)\r\n\tat io.grpc.Contexts$ContextualizedServerCallListener.onMessage(Contexts.java:76)\r\n\tat io.grpc.internal.ServerCallImpl$ServerStreamListenerImpl.messagesAvailableInternal(ServerCallImpl.java:334)\r\n\tat io.grpc.internal.ServerCallImpl$ServerStreamListenerImpl.messagesAvailable(ServerCallImpl.java:319)\r\n\tat io.grpc.internal.ServerImpl$JumpToApplicationThreadServerStreamListener$1MessagesAvailable.runInContext(ServerImpl.java:852)\r\n\tat io.grpc.internal.ContextRunnable.run(ContextRunnable.java:37)\r\n\tat io.grpc.internal.SerializingExecutor.run(SerializingExecutor.java:133)\r\n\tat java.base/java.util.concurrent.ThreadPoolExecutor.runWorker(ThreadPoolExecutor.java:1090)\r\n\tat java.base/java.util.concurrent.ThreadPoolExecutor$Worker.run(ThreadPoolExecutor.java:614)\r\n\tat java.base/java.lang.Thread.run(Thread.java:1474)\r\n\r\n"}}
[debug] [2026-08-25T11:26:37.707Z] Aug 25, 2026 7:26:37 PM com.google.cloud.datastore.emulator.impl.util.WrappedStreamObserver onError
WARNING: Operation failed: 
false for 'delete' @ L117
com.google.cloud.datastore.core.exception.DatastoreException: 
false for 'delete' @ L117
	at com.google.cloud.datastore.core.exception.DatastoreException$Builder.build(DatastoreException.java:152)
	at com.google.cloud.datastore.emulator.impl.rules.DefaultEmulatorRulesAuthorizer.verboseError(DefaultEmulatorRulesAuthorizer.java:349)
	at com.google.cloud.datastore.emulator.impl.rules.DefaultEmulatorRulesAuthorizer.withVerboseErrors(DefaultEmulatorRulesAuthorizer.java:326)
	at com.google.cloud.datastore.emulator.impl.rules.DefaultEmulatorRulesAuthorizer.checkCommit(DefaultEmulatorRulesAuthorizer.java:113)
	at com.google.cloud.datastore.emulator.impl.firestore.FirestoreEmulatorHelper.commitHelper(FirestoreEmulatorHelper.java:407)
	at com.google.cloud.datastore.emulator.impl.firestore.FirestoreEmulatorHelper.internalCommit(FirestoreEmulatorHelper.java:348)
	at com.google.cloud.datastore.emulator.impl.firestore.CloudFirestoreV1.internalCommit(CloudFirestoreV1.java:1336)
	at com.google.cloud.datastore.emulator.impl.firestore.CloudFirestoreV1.write(CloudFirestoreV1.java:1321)
	at com.google.cloud.datastore.emulator.impl.firestore.CloudFirestoreV1WriteStream.handleRequest(CloudFirestoreV1WriteStream.java:222)
	at com.google.cloud.datastore.emulator.impl.firestore.CloudFirestoreV1WriteStream.write(CloudFirestoreV1WriteStream.java:144)
	at com.google.cloud.datastore.emulator.impl.firestore.CloudFirestoreV1WriteStream.onNext(CloudFirestoreV1WriteStream.java:99)
	at com.google.cloud.datastore.emulator.impl.firestore.CloudFirestoreV1WriteStream.onNext(CloudFirestoreV1WriteStream.java:27)
	at io.grpc.stub.ServerCalls$StreamingServerCallHandler$StreamingServerCallListener.onMessage(ServerCalls.java:262)
	at io.grpc.ForwardingServerCallListener.onMessage(ForwardingServerCallListener.java:33)
	at io.grpc.Contexts$ContextualizedServerCallListener.onMessage(Contexts.java:76)
	at io.grpc.ForwardingServerCallListener.onMessage(ForwardingServerCallListener.java:33)
	at io.grpc.Contexts$ContextualizedServerCallListener.onMessage(Contexts.java:76)
	at io.grpc.internal.ServerCallImpl$ServerStreamListenerImpl.messagesAvailableInternal(ServerCallImpl.java:334)
	at io.grpc.internal.ServerCallImpl$ServerStreamListenerImpl.messagesAvailable(ServerCallImpl.java:319)
	at io.grpc.internal.ServerImpl$JumpToApplicationThreadServerStreamListener$1MessagesAvailable.runInContext(ServerImpl.java:852)
	at io.grpc.internal.ContextRunnable.run(ContextRunnable.java:37)
	at io.grpc.internal.SerializingExecutor.run(SerializingExecutor.java:133)
	at java.base/java.util.concurrent.ThreadPoolExecutor.runWorker(ThreadPoolExecutor.java:1090)
	at java.base/java.util.concurrent.ThreadPoolExecutor$Worker.run(ThreadPoolExecutor.java:614)
	at java.base/java.lang.Thread.run(Thread.java:1474)

 {"metadata":{"emulator":{"name":"firestore"},"message":"Aug 25, 2026 7:26:37 PM com.google.cloud.datastore.emulator.impl.util.WrappedStreamObserver onError\r\nWARNING: Operation failed: \nfalse for 'delete' @ L117\r\ncom.google.cloud.datastore.core.exception.DatastoreException: \nfalse for 'delete' @ L117\r\n\tat com.google.cloud.datastore.core.exception.DatastoreException$Builder.build(DatastoreException.java:152)\r\n\tat com.google.cloud.datastore.emulator.impl.rules.DefaultEmulatorRulesAuthorizer.verboseError(DefaultEmulatorRulesAuthorizer.java:349)\r\n\tat com.google.cloud.datastore.emulator.impl.rules.DefaultEmulatorRulesAuthorizer.withVerboseErrors(DefaultEmulatorRulesAuthorizer.java:326)\r\n\tat com.google.cloud.datastore.emulator.impl.rules.DefaultEmulatorRulesAuthorizer.checkCommit(DefaultEmulatorRulesAuthorizer.java:113)\r\n\tat com.google.cloud.datastore.emulator.impl.firestore.FirestoreEmulatorHelper.commitHelper(FirestoreEmulatorHelper.java:407)\r\n\tat com.google.cloud.datastore.emulator.impl.firestore.FirestoreEmulatorHelper.internalCommit(FirestoreEmulatorHelper.java:348)\r\n\tat com.google.cloud.datastore.emulator.impl.firestore.CloudFirestoreV1.internalCommit(CloudFirestoreV1.java:1336)\r\n\tat com.google.cloud.datastore.emulator.impl.firestore.CloudFirestoreV1.write(CloudFirestoreV1.java:1321)\r\n\tat com.google.cloud.datastore.emulator.impl.firestore.CloudFirestoreV1WriteStream.handleRequest(CloudFirestoreV1WriteStream.java:222)\r\n\tat com.google.cloud.datastore.emulator.impl.firestore.CloudFirestoreV1WriteStream.write(CloudFirestoreV1WriteStream.java:144)\r\n\tat com.google.cloud.datastore.emulator.impl.firestore.CloudFirestoreV1WriteStream.onNext(CloudFirestoreV1WriteStream.java:99)\r\n\tat com.google.cloud.datastore.emulator.impl.firestore.CloudFirestoreV1WriteStream.onNext(CloudFirestoreV1WriteStream.java:27)\r\n\tat io.grpc.stub.ServerCalls$StreamingServerCallHandler$StreamingServerCallListener.onMessage(ServerCalls.java:262)\r\n\tat io.grpc.ForwardingServerCallListener.onMessage(ForwardingServerCallListener.java:33)\r\n\tat io.grpc.Contexts$ContextualizedServerCallListener.onMessage(Contexts.java:76)\r\n\tat io.grpc.ForwardingServerCallListener.onMessage(ForwardingServerCallListener.java:33)\r\n\tat io.grpc.Contexts$ContextualizedServerCallListener.onMessage(Contexts.java:76)\r\n\tat io.grpc.internal.ServerCallImpl$ServerStreamListenerImpl.messagesAvailableInternal(ServerCallImpl.java:334)\r\n\tat io.grpc.internal.ServerCallImpl$ServerStreamListenerImpl.messagesAvailable(ServerCallImpl.java:319)\r\n\tat io.grpc.internal.ServerImpl$JumpToApplicationThreadServerStreamListener$1MessagesAvailable.runInContext(ServerImpl.java:852)\r\n\tat io.grpc.internal.ContextRunnable.run(ContextRunnable.java:37)\r\n\tat io.grpc.internal.SerializingExecutor.run(SerializingExecutor.java:133)\r\n\tat java.base/java.util.concurrent.ThreadPoolExecutor.runWorker(ThreadPoolExecutor.java:1090)\r\n\tat java.base/java.util.concurrent.ThreadPoolExecutor$Worker.run(ThreadPoolExecutor.java:614)\r\n\tat java.base/java.lang.Thread.run(Thread.java:1474)\r\n\r\n"}}
[debug] [2026-08-25T11:26:37.735Z] Aug 25, 2026 7:26:37 PM io.netty.channel.DefaultChannelPipeline onUnhandledInboundException
WARNING: An exceptionCaught() event was fired, and it reached at the tail of the pipeline. It usually means the last handler in the pipeline did not handle the exception.
java.net.SocketException: Connection reset
	at java.base/sun.nio.ch.SocketChannelImpl.throwConnectionReset(SocketChannelImpl.java:399)
	at java.base/sun.nio.ch.SocketChannelImpl.implRead(SocketChannelImpl.java:431)
	at java.base/sun.nio.ch.SocketChannelImpl.read(SocketChannelImpl.java:489)
	at io.netty.buffer.PooledByteBuf.setBytes(PooledByteBuf.java:255)
	at io.netty.buffer.AbstractByteBuf.writeBytes(AbstractByteBuf.java:1132)
	at io.netty.channel.socket.nio.NioSocketChannel.doReadBytes(NioSocketChannel.java:356)
	at io.netty.channel.nio.AbstractNioByteChannel$NioByteUnsafe.read(AbstractNioByteChannel.java:156)
	at io.netty.channel.nio.NioEventLoop.processSelectedKey(NioEventLoop.java:796)
	at io.netty.channel.nio.NioEventLoop.processSelectedKeysOptimized(NioEventLoop.java:732)
	at io.netty.channel.nio.NioEventLoop.processSelectedKeys(NioEventLoop.java:658)
	at io.netty.channel.nio.NioEventLoop.run(NioEventLoop.java:562)
	at io.netty.util.concurrent.SingleThreadEventExecutor$4.run(SingleThreadEventExecutor.java:998)
	at io.netty.util.internal.ThreadExecutorMap$2.run(ThreadExecutorMap.java:74)
	at io.netty.util.concurrent.FastThreadLocalRunnable.run(FastThreadLocalRunnable.java:30)
	at java.base/java.lang.Thread.run(Thread.java:1474)

Aug 25, 2026 7:26:37 PM io.netty.channel.DefaultChannelPipeline onUnhandledInboundException
WARNING: An exceptionCaught() event was fired, and it reached at the tail of the pipeline. It usually means the last handler in the pipeline did not handle the exception.
java.net.SocketException: Connection reset
	at java.base/sun.nio.ch.SocketChannelImpl.throwConnectionReset(SocketChannelImpl.java:399)
	at java.base/sun.nio.ch.SocketChannelImpl.implRead(SocketChannelImpl.java:431)
	at java.base/sun.nio.ch.SocketChannelImpl.read(SocketChannelImpl.java:489)
	at io.netty.buffer.PooledByteBuf.setBytes(PooledByteBuf.java:255)
	at io.netty.buffer.AbstractByteBuf.writeBytes(AbstractByteBuf.java:1132)
	at io.netty.channel.socket.nio.NioSocketChannel.doReadBytes(NioSocketChannel.java:356)
	at io.netty.channel.nio.AbstractNioByteChannel$NioByteUnsafe.read(AbstractNioByteChannel.java:156)
	at io.netty.channel.nio.NioEventLoop.processSelectedKey(NioEventLoop.java:796)
	at io.netty.channel.nio.NioEventLoop.processSelectedKeysOptimized(NioEventLoop.java:732)
	at io.netty.channel.nio.NioEventLoop.processSelectedKeys(NioEventLoop.java:658)
	at io.netty.channel.nio.NioEventLoop.run(NioEventLoop.java:562)
	at io.netty.util.concurrent.SingleThreadEventExecutor$4.run(SingleThreadEventExecutor.java:998)
	at io.netty.util.internal.ThreadExecutorMap$2.run(ThreadExecutorMap.java:74)
	at io.netty.util.concurrent.FastThreadLocalRunnable.run(FastThreadLocalRunnable.java:30)
	at java.base/java.lang.Thread.run(Thread.java:1474)

 {"metadata":{"emulator":{"name":"firestore"},"message":"Aug 25, 2026 7:26:37 PM io.netty.channel.DefaultChannelPipeline onUnhandledInboundException\r\nWARNING: An exceptionCaught() event was fired, and it reached at the tail of the pipeline. It usually means the last handler in the pipeline did not handle the exception.\r\njava.net.SocketException: Connection reset\r\n\tat java.base/sun.nio.ch.SocketChannelImpl.throwConnectionReset(SocketChannelImpl.java:399)\r\n\tat java.base/sun.nio.ch.SocketChannelImpl.implRead(SocketChannelImpl.java:431)\r\n\tat java.base/sun.nio.ch.SocketChannelImpl.read(SocketChannelImpl.java:489)\r\n\tat io.netty.buffer.PooledByteBuf.setBytes(PooledByteBuf.java:255)\r\n\tat io.netty.buffer.AbstractByteBuf.writeBytes(AbstractByteBuf.java:1132)\r\n\tat io.netty.channel.socket.nio.NioSocketChannel.doReadBytes(NioSocketChannel.java:356)\r\n\tat io.netty.channel.nio.AbstractNioByteChannel$NioByteUnsafe.read(AbstractNioByteChannel.java:156)\r\n\tat io.netty.channel.nio.NioEventLoop.processSelectedKey(NioEventLoop.java:796)\r\n\tat io.netty.channel.nio.NioEventLoop.processSelectedKeysOptimized(NioEventLoop.java:732)\r\n\tat io.netty.channel.nio.NioEventLoop.processSelectedKeys(NioEventLoop.java:658)\r\n\tat io.netty.channel.nio.NioEventLoop.run(NioEventLoop.java:562)\r\n\tat io.netty.util.concurrent.SingleThreadEventExecutor$4.run(SingleThreadEventExecutor.java:998)\r\n\tat io.netty.util.internal.ThreadExecutorMap$2.run(ThreadExecutorMap.java:74)\r\n\tat io.netty.util.concurrent.FastThreadLocalRunnable.run(FastThreadLocalRunnable.java:30)\r\n\tat java.base/java.lang.Thread.run(Thread.java:1474)\r\n\r\nAug 25, 2026 7:26:37 PM io.netty.channel.DefaultChannelPipeline onUnhandledInboundException\r\nWARNING: An exceptionCaught() event was fired, and it reached at the tail of the pipeline. It usually means the last handler in the pipeline did not handle the exception.\r\njava.net.SocketException: Connection reset\r\n\tat java.base/sun.nio.ch.SocketChannelImpl.throwConnectionReset(SocketChannelImpl.java:399)\r\n\tat java.base/sun.nio.ch.SocketChannelImpl.implRead(SocketChannelImpl.java:431)\r\n\tat java.base/sun.nio.ch.SocketChannelImpl.read(SocketChannelImpl.java:489)\r\n\tat io.netty.buffer.PooledByteBuf.setBytes(PooledByteBuf.java:255)\r\n\tat io.netty.buffer.AbstractByteBuf.writeBytes(AbstractByteBuf.java:1132)\r\n\tat io.netty.channel.socket.nio.NioSocketChannel.doReadBytes(NioSocketChannel.java:356)\r\n\tat io.netty.channel.nio.AbstractNioByteChannel$NioByteUnsafe.read(AbstractNioByteChannel.java:156)\r\n\tat io.netty.channel.nio.NioEventLoop.processSelectedKey(NioEventLoop.java:796)\r\n\tat io.netty.channel.nio.NioEventLoop.processSelectedKeysOptimized(NioEventLoop.java:732)\r\n\tat io.netty.channel.nio.NioEventLoop.processSelectedKeys(NioEventLoop.java:658)\r\n\tat io.netty.channel.nio.NioEventLoop.run(NioEventLoop.java:562)\r\n\tat io.netty.util.concurrent.SingleThreadEventExecutor$4.run(SingleThreadEventExecutor.java:998)\r\n\tat io.netty.util.internal.ThreadExecutorMap$2.run(ThreadExecutorMap.java:74)\r\n\tat io.netty.util.concurrent.FastThreadLocalRunnable.run(FastThreadLocalRunnable.java:30)\r\n\tat java.base/java.lang.Thread.run(Thread.java:1474)\r\n\r\n"}}
[debug] [2026-08-25T11:27:11.070Z] Aug 25, 2026 7:27:11 PM io.gapi.emulators.netty.HttpVersionRoutingHandler channelRead
INFO: Detected non-HTTP/2 connection.
 {"metadata":{"emulator":{"name":"firestore"},"message":"Aug 25, 2026 7:27:11 PM io.gapi.emulators.netty.HttpVersionRoutingHandler channelRead\r\nINFO: Detected non-HTTP/2 connection.\r\n"}}
[debug] [2026-08-25T11:27:11.098Z] Aug 25, 2026 7:27:11 PM io.gapi.emulators.netty.HttpVersionRoutingHandler channelRead
INFO: Detected non-HTTP/2 connection.
 {"metadata":{"emulator":{"name":"firestore"},"message":"Aug 25, 2026 7:27:11 PM io.gapi.emulators.netty.HttpVersionRoutingHandler channelRead\r\nINFO: Detected non-HTTP/2 connection.\r\n"}}
[debug] [2026-08-25T11:27:11.161Z] Aug 25, 2026 7:27:11 PM io.gapi.emulators.netty.HttpVersionRoutingHandler channelRead
INFO: Detected HTTP/2 connection.
 {"metadata":{"emulator":{"name":"firestore"},"message":"Aug 25, 2026 7:27:11 PM io.gapi.emulators.netty.HttpVersionRoutingHandler channelRead\r\nINFO: Detected HTTP/2 connection.\r\n"}}
[debug] [2026-08-25T11:27:11.171Z] Aug 25, 2026 7:27:11 PM com.google.cloud.datastore.emulator.impl.util.WrappedStreamObserver onError
WARNING: Operation failed: 
false for 'create' @ L18, false for 'update' @ L18
com.google.cloud.datastore.core.exception.DatastoreException: 
false for 'create' @ L18, false for 'update' @ L18
	at com.google.cloud.datastore.core.exception.DatastoreException$Builder.build(DatastoreException.java:152)
	at com.google.cloud.datastore.emulator.impl.rules.DefaultEmulatorRulesAuthorizer.verboseError(DefaultEmulatorRulesAuthorizer.java:349)
	at com.google.cloud.datastore.emulator.impl.rules.DefaultEmulatorRulesAuthorizer.withVerboseErrors(DefaultEmulatorRulesAuthorizer.java:326)
	at com.google.cloud.datastore.emulator.impl.rules.DefaultEmulatorRulesAuthorizer.checkCommit(DefaultEmulatorRulesAuthorizer.java:113)
	at com.google.cloud.datastore.emulator.impl.firestore.FirestoreEmulatorHelper.commitHelper(FirestoreEmulatorHelper.java:407)
	at com.google.cloud.datastore.emulator.impl.firestore.FirestoreEmulatorHelper.internalCommit(FirestoreEmulatorHelper.java:348)
	at com.google.cloud.datastore.emulator.impl.firestore.CloudFirestoreV1.internalCommit(CloudFirestoreV1.java:1336)
	at com.google.cloud.datastore.emulator.impl.firestore.CloudFirestoreV1.write(CloudFirestoreV1.java:1321)
	at com.google.cloud.datastore.emulator.impl.firestore.CloudFirestoreV1WriteStream.handleRequest(CloudFirestoreV1WriteStream.java:222)
	at com.google.cloud.datastore.emulator.impl.firestore.CloudFirestoreV1WriteStream.write(CloudFirestoreV1WriteStream.java:144)
	at com.google.cloud.datastore.emulator.impl.firestore.CloudFirestoreV1WriteStream.onNext(CloudFirestoreV1WriteStream.java:99)
	at com.google.cloud.datastore.emulator.impl.firestore.CloudFirestoreV1WriteStream.onNext(CloudFirestoreV1WriteStream.java:27)
	at io.grpc.stub.ServerCalls$StreamingServerCallHandler$StreamingServerCallListener.onMessage(ServerCalls.java:262)
	at io.grpc.ForwardingServerCallListener.onMessage(ForwardingServerCallListener.java:33)
	at io.grpc.Contexts$ContextualizedServerCallListener.onMessage(Contexts.java:76)
	at io.grpc.ForwardingServerCallListener.onMessage(ForwardingServerCallListener.java:33)
	at io.grpc.Contexts$ContextualizedServerCallListener.onMessage(Contexts.java:76)
	at io.grpc.internal.ServerCallImpl$ServerStreamListenerImpl.messagesAvailableInternal(ServerCallImpl.java:334)
	at io.grpc.internal.ServerCallImpl$ServerStreamListenerImpl.messagesAvailable(ServerCallImpl.java:319)
	at io.grpc.internal.ServerImpl$JumpToApplicationThreadServerStreamListener$1MessagesAvailable.runInContext(ServerImpl.java:852)
	at io.grpc.internal.ContextRunnable.run(ContextRunnable.java:37)
	at io.grpc.internal.SerializingExecutor.run(SerializingExecutor.java:133)
	at java.base/java.util.concurrent.ThreadPoolExecutor.runWorker(ThreadPoolExecutor.java:1090)
	at java.base/java.util.concurrent.ThreadPoolExecutor$Worker.run(ThreadPoolExecutor.java:614)
	at java.base/java.lang.Thread.run(Thread.java:1474)

 {"metadata":{"emulator":{"name":"firestore"},"message":"Aug 25, 2026 7:27:11 PM com.google.cloud.datastore.emulator.impl.util.WrappedStreamObserver onError\r\nWARNING: Operation failed: \nfalse for 'create' @ L18, false for 'update' @ L18\r\ncom.google.cloud.datastore.core.exception.DatastoreException: \nfalse for 'create' @ L18, false for 'update' @ L18\r\n\tat com.google.cloud.datastore.core.exception.DatastoreException$Builder.build(DatastoreException.java:152)\r\n\tat com.google.cloud.datastore.emulator.impl.rules.DefaultEmulatorRulesAuthorizer.verboseError(DefaultEmulatorRulesAuthorizer.java:349)\r\n\tat com.google.cloud.datastore.emulator.impl.rules.DefaultEmulatorRulesAuthorizer.withVerboseErrors(DefaultEmulatorRulesAuthorizer.java:326)\r\n\tat com.google.cloud.datastore.emulator.impl.rules.DefaultEmulatorRulesAuthorizer.checkCommit(DefaultEmulatorRulesAuthorizer.java:113)\r\n\tat com.google.cloud.datastore.emulator.impl.firestore.FirestoreEmulatorHelper.commitHelper(FirestoreEmulatorHelper.java:407)\r\n\tat com.google.cloud.datastore.emulator.impl.firestore.FirestoreEmulatorHelper.internalCommit(FirestoreEmulatorHelper.java:348)\r\n\tat com.google.cloud.datastore.emulator.impl.firestore.CloudFirestoreV1.internalCommit(CloudFirestoreV1.java:1336)\r\n\tat com.google.cloud.datastore.emulator.impl.firestore.CloudFirestoreV1.write(CloudFirestoreV1.java:1321)\r\n\tat com.google.cloud.datastore.emulator.impl.firestore.CloudFirestoreV1WriteStream.handleRequest(CloudFirestoreV1WriteStream.java:222)\r\n\tat com.google.cloud.datastore.emulator.impl.firestore.CloudFirestoreV1WriteStream.write(CloudFirestoreV1WriteStream.java:144)\r\n\tat com.google.cloud.datastore.emulator.impl.firestore.CloudFirestoreV1WriteStream.onNext(CloudFirestoreV1WriteStream.java:99)\r\n\tat com.google.cloud.datastore.emulator.impl.firestore.CloudFirestoreV1WriteStream.onNext(CloudFirestoreV1WriteStream.java:27)\r\n\tat io.grpc.stub.ServerCalls$StreamingServerCallHandler$StreamingServerCallListener.onMessage(ServerCalls.java:262)\r\n\tat io.grpc.ForwardingServerCallListener.onMessage(ForwardingServerCallListener.java:33)\r\n\tat io.grpc.Contexts$ContextualizedServerCallListener.onMessage(Contexts.java:76)\r\n\tat io.grpc.ForwardingServerCallListener.onMessage(ForwardingServerCallListener.java:33)\r\n\tat io.grpc.Contexts$ContextualizedServerCallListener.onMessage(Contexts.java:76)\r\n\tat io.grpc.internal.ServerCallImpl$ServerStreamListenerImpl.messagesAvailableInternal(ServerCallImpl.java:334)\r\n\tat io.grpc.internal.ServerCallImpl$ServerStreamListenerImpl.messagesAvailable(ServerCallImpl.java:319)\r\n\tat io.grpc.internal.ServerImpl$JumpToApplicationThreadServerStreamListener$1MessagesAvailable.runInContext(ServerImpl.java:852)\r\n\tat io.grpc.internal.ContextRunnable.run(ContextRunnable.java:37)\r\n\tat io.grpc.internal.SerializingExecutor.run(SerializingExecutor.java:133)\r\n\tat java.base/java.util.concurrent.ThreadPoolExecutor.runWorker(ThreadPoolExecutor.java:1090)\r\n\tat java.base/java.util.concurrent.ThreadPoolExecutor$Worker.run(ThreadPoolExecutor.java:614)\r\n\tat java.base/java.lang.Thread.run(Thread.java:1474)\r\n\r\n"}}
[debug] [2026-08-25T11:27:11.326Z] Aug 25, 2026 7:27:11 PM com.google.cloud.datastore.emulator.impl.util.WrappedStreamObserver onError
WARNING: Operation failed: 
evaluation error at L31:9 for 'create' @ L31, evaluation error at L47:24 for 'update' @ L47, false for 'create' @ L31
com.google.cloud.datastore.core.exception.DatastoreException: 
evaluation error at L31:9 for 'create' @ L31, evaluation error at L47:24 for 'update' @ L47, false for 'create' @ L31
	at com.google.cloud.datastore.core.exception.DatastoreException$Builder.build(DatastoreException.java:152)
	at com.google.cloud.datastore.emulator.impl.rules.DefaultEmulatorRulesAuthorizer.verboseError(DefaultEmulatorRulesAuthorizer.java:349)
	at com.google.cloud.datastore.emulator.impl.rules.DefaultEmulatorRulesAuthorizer.withVerboseErrors(DefaultEmulatorRulesAuthorizer.java:326)
	at com.google.cloud.datastore.emulator.impl.rules.DefaultEmulatorRulesAuthorizer.checkCommit(DefaultEmulatorRulesAuthorizer.java:113)
	at com.google.cloud.datastore.emulator.impl.firestore.FirestoreEmulatorHelper.commitHelper(FirestoreEmulatorHelper.java:407)
	at com.google.cloud.datastore.emulator.impl.firestore.FirestoreEmulatorHelper.internalCommit(FirestoreEmulatorHelper.java:348)
	at com.google.cloud.datastore.emulator.impl.firestore.CloudFirestoreV1.internalCommit(CloudFirestoreV1.java:1336)
	at com.google.cloud.datastore.emulator.impl.firestore.CloudFirestoreV1.write(CloudFirestoreV1.java:1321)
	at com.google.cloud.datastore.emulator.impl.firestore.CloudFirestoreV1WriteStream.handleRequest(CloudFirestoreV1WriteStream.java:222)
	at com.google.cloud.datastore.emulator.impl.firestore.CloudFirestoreV1WriteStream.write(CloudFirestoreV1WriteStream.java:144)
	at com.google.cloud.datastore.emulator.impl.firestore.CloudFirestoreV1WriteStream.onNext(CloudFirestoreV1WriteStream.java:99)
	at com.google.cloud.datastore.emulator.impl.firestore.CloudFirestoreV1WriteStream.onNext(CloudFirestoreV1WriteStream.java:27)
	at io.grpc.stub.ServerCalls$StreamingServerCallHandler$StreamingServerCallListener.onMessage(ServerCalls.java:262)
	at io.grpc.ForwardingServerCallListener.onMessage(ForwardingServerCallListener.java:33)
	at io.grpc.Contexts$ContextualizedServerCallListener.onMessage(Contexts.java:76)
	at io.grpc.ForwardingServerCallListener.onMessage(ForwardingServerCallListener.java:33)
	at io.grpc.Contexts$ContextualizedServerCallListener.onMessage(Contexts.java:76)
	at io.grpc.internal.ServerCallImpl$ServerStreamListenerImpl.messagesAvailableInternal(ServerCallImpl.java:334)
	at io.grpc.internal.ServerCallImpl$ServerStreamListenerImpl.messagesAvailable(ServerCallImpl.java:319)
	at io.grpc.internal.ServerImpl$JumpToApplicationThreadServerStreamListener$1MessagesAvailable.runInContext(ServerImpl.java:852)
	at io.grpc.internal.ContextRunnable.run(ContextRunnable.java:37)
	at io.grpc.internal.SerializingExecutor.run(SerializingExecutor.java:133)
	at java.base/java.util.concurrent.ThreadPoolExecutor.runWorker(ThreadPoolExecutor.java:1090)
	at java.base/java.util.concurrent.ThreadPoolExecutor$Worker.run(ThreadPoolExecutor.java:614)
	at java.base/java.lang.Thread.run(Thread.java:1474)

 {"metadata":{"emulator":{"name":"firestore"},"message":"Aug 25, 2026 7:27:11 PM com.google.cloud.datastore.emulator.impl.util.WrappedStreamObserver onError\r\nWARNING: Operation failed: \nevaluation error at L31:9 for 'create' @ L31, evaluation error at L47:24 for 'update' @ L47, false for 'create' @ L31\r\ncom.google.cloud.datastore.core.exception.DatastoreException: \nevaluation error at L31:9 for 'create' @ L31, evaluation error at L47:24 for 'update' @ L47, false for 'create' @ L31\r\n\tat com.google.cloud.datastore.core.exception.DatastoreException$Builder.build(DatastoreException.java:152)\r\n\tat com.google.cloud.datastore.emulator.impl.rules.DefaultEmulatorRulesAuthorizer.verboseError(DefaultEmulatorRulesAuthorizer.java:349)\r\n\tat com.google.cloud.datastore.emulator.impl.rules.DefaultEmulatorRulesAuthorizer.withVerboseErrors(DefaultEmulatorRulesAuthorizer.java:326)\r\n\tat com.google.cloud.datastore.emulator.impl.rules.DefaultEmulatorRulesAuthorizer.checkCommit(DefaultEmulatorRulesAuthorizer.java:113)\r\n\tat com.google.cloud.datastore.emulator.impl.firestore.FirestoreEmulatorHelper.commitHelper(FirestoreEmulatorHelper.java:407)\r\n\tat com.google.cloud.datastore.emulator.impl.firestore.FirestoreEmulatorHelper.internalCommit(FirestoreEmulatorHelper.java:348)\r\n\tat com.google.cloud.datastore.emulator.impl.firestore.CloudFirestoreV1.internalCommit(CloudFirestoreV1.java:1336)\r\n\tat com.google.cloud.datastore.emulator.impl.firestore.CloudFirestoreV1.write(CloudFirestoreV1.java:1321)\r\n\tat com.google.cloud.datastore.emulator.impl.firestore.CloudFirestoreV1WriteStream.handleRequest(CloudFirestoreV1WriteStream.java:222)\r\n\tat com.google.cloud.datastore.emulator.impl.firestore.CloudFirestoreV1WriteStream.write(CloudFirestoreV1WriteStream.java:144)\r\n\tat com.google.cloud.datastore.emulator.impl.firestore.CloudFirestoreV1WriteStream.onNext(CloudFirestoreV1WriteStream.java:99)\r\n\tat com.google.cloud.datastore.emulator.impl.firestore.CloudFirestoreV1WriteStream.onNext(CloudFirestoreV1WriteStream.java:27)\r\n\tat io.grpc.stub.ServerCalls$StreamingServerCallHandler$StreamingServerCallListener.onMessage(ServerCalls.java:262)\r\n\tat io.grpc.ForwardingServerCallListener.onMessage(ForwardingServerCallListener.java:33)\r\n\tat io.grpc.Contexts$ContextualizedServerCallListener.onMessage(Contexts.java:76)\r\n\tat io.grpc.ForwardingServerCallListener.onMessage(ForwardingServerCallListener.java:33)\r\n\tat io.grpc.Contexts$ContextualizedServerCallListener.onMessage(Contexts.java:76)\r\n\tat io.grpc.internal.ServerCallImpl$ServerStreamListenerImpl.messagesAvailableInternal(ServerCallImpl.java:334)\r\n\tat io.grpc.internal.ServerCallImpl$ServerStreamListenerImpl.messagesAvailable(ServerCallImpl.java:319)\r\n\tat io.grpc.internal.ServerImpl$JumpToApplicationThreadServerStreamListener$1MessagesAvailable.runInContext(ServerImpl.java:852)\r\n\tat io.grpc.internal.ContextRunnable.run(ContextRunnable.java:37)\r\n\tat io.grpc.internal.SerializingExecutor.run(SerializingExecutor.java:133)\r\n\tat java.base/java.util.concurrent.ThreadPoolExecutor.runWorker(ThreadPoolExecutor.java:1090)\r\n\tat java.base/java.util.concurrent.ThreadPoolExecutor$Worker.run(ThreadPoolExecutor.java:614)\r\n\tat java.base/java.lang.Thread.run(Thread.java:1474)\r\n\r\n"}}
[debug] [2026-08-25T11:27:11.374Z] Aug 25, 2026 7:27:11 PM com.google.cloud.datastore.emulator.impl.util.WrappedStreamObserver onError
WARNING: Operation failed: 
false for 'create' @ L31, evaluation error at L47:24 for 'update' @ L47, false for 'create' @ L31
com.google.cloud.datastore.core.exception.DatastoreException: 
false for 'create' @ L31, evaluation error at L47:24 for 'update' @ L47, false for 'create' @ L31
	at com.google.cloud.datastore.core.exception.DatastoreException$Builder.build(DatastoreException.java:152)
	at com.google.cloud.datastore.emulator.impl.rules.DefaultEmulatorRulesAuthorizer.verboseError(DefaultEmulatorRulesAuthorizer.java:349)
	at com.google.cloud.datastore.emulator.impl.rules.DefaultEmulatorRulesAuthorizer.withVerboseErrors(DefaultEmulatorRulesAuthorizer.java:326)
	at com.google.cloud.datastore.emulator.impl.rules.DefaultEmulatorRulesAuthorizer.checkCommit(DefaultEmulatorRulesAuthorizer.java:113)
	at com.google.cloud.datastore.emulator.impl.firestore.FirestoreEmulatorHelper.commitHelper(FirestoreEmulatorHelper.java:407)
	at com.google.cloud.datastore.emulator.impl.firestore.FirestoreEmulatorHelper.internalCommit(FirestoreEmulatorHelper.java:348)
	at com.google.cloud.datastore.emulator.impl.firestore.CloudFirestoreV1.internalCommit(CloudFirestoreV1.java:1336)
	at com.google.cloud.datastore.emulator.impl.firestore.CloudFirestoreV1.write(CloudFirestoreV1.java:1321)
	at com.google.cloud.datastore.emulator.impl.firestore.CloudFirestoreV1WriteStream.handleRequest(CloudFirestoreV1WriteStream.java:222)
	at com.google.cloud.datastore.emulator.impl.firestore.CloudFirestoreV1WriteStream.write(CloudFirestoreV1WriteStream.java:144)
	at com.google.cloud.datastore.emulator.impl.firestore.CloudFirestoreV1WriteStream.onNext(CloudFirestoreV1WriteStream.java:99)
	at com.google.cloud.datastore.emulator.impl.firestore.CloudFirestoreV1WriteStream.onNext(CloudFirestoreV1WriteStream.java:27)
	at io.grpc.stub.ServerCalls$StreamingServerCallHandler$StreamingServerCallListener.onMessage(ServerCalls.java:262)
	at io.grpc.ForwardingServerCallListener.onMessage(ForwardingServerCallListener.java:33)
	at io.grpc.Contexts$ContextualizedServerCallListener.onMessage(Contexts.java:76)
	at io.grpc.ForwardingServerCallListener.onMessage(ForwardingServerCallListener.java:33)
	at io.grpc.Contexts$ContextualizedServerCallListener.onMessage(Contexts.java:76)
	at io.grpc.internal.ServerCallImpl$ServerStreamListenerImpl.messagesAvailableInternal(ServerCallImpl.java:334)
	at io.grpc.internal.ServerCallImpl$ServerStreamListenerImpl.messagesAvailable(ServerCallImpl.java:319)
	at io.grpc.internal.ServerImpl$JumpToApplicationThreadServerStreamListener$1MessagesAvailable.runInContext(ServerImpl.java:852)
	at io.grpc.internal.ContextRunnable.run(ContextRunnable.java:37)
	at io.grpc.internal.SerializingExecutor.run(SerializingExecutor.java:133)
	at java.base/java.util.concurrent.ThreadPoolExecutor.runWorker(ThreadPoolExecutor.java:1090)
	at java.base/java.util.concurrent.ThreadPoolExecutor$Worker.run(ThreadPoolExecutor.java:614)
	at java.base/java.lang.Thread.run(Thread.java:1474)

 {"metadata":{"emulator":{"name":"firestore"},"message":"Aug 25, 2026 7:27:11 PM com.google.cloud.datastore.emulator.impl.util.WrappedStreamObserver onError\r\nWARNING: Operation failed: \nfalse for 'create' @ L31, evaluation error at L47:24 for 'update' @ L47, false for 'create' @ L31\r\ncom.google.cloud.datastore.core.exception.DatastoreException: \nfalse for 'create' @ L31, evaluation error at L47:24 for 'update' @ L47, false for 'create' @ L31\r\n\tat com.google.cloud.datastore.core.exception.DatastoreException$Builder.build(DatastoreException.java:152)\r\n\tat com.google.cloud.datastore.emulator.impl.rules.DefaultEmulatorRulesAuthorizer.verboseError(DefaultEmulatorRulesAuthorizer.java:349)\r\n\tat com.google.cloud.datastore.emulator.impl.rules.DefaultEmulatorRulesAuthorizer.withVerboseErrors(DefaultEmulatorRulesAuthorizer.java:326)\r\n\tat com.google.cloud.datastore.emulator.impl.rules.DefaultEmulatorRulesAuthorizer.checkCommit(DefaultEmulatorRulesAuthorizer.java:113)\r\n\tat com.google.cloud.datastore.emulator.impl.firestore.FirestoreEmulatorHelper.commitHelper(FirestoreEmulatorHelper.java:407)\r\n\tat com.google.cloud.datastore.emulator.impl.firestore.FirestoreEmulatorHelper.internalCommit(FirestoreEmulatorHelper.java:348)\r\n\tat com.google.cloud.datastore.emulator.impl.firestore.CloudFirestoreV1.internalCommit(CloudFirestoreV1.java:1336)\r\n\tat com.google.cloud.datastore.emulator.impl.firestore.CloudFirestoreV1.write(CloudFirestoreV1.java:1321)\r\n\tat com.google.cloud.datastore.emulator.impl.firestore.CloudFirestoreV1WriteStream.handleRequest(CloudFirestoreV1WriteStream.java:222)\r\n\tat com.google.cloud.datastore.emulator.impl.firestore.CloudFirestoreV1WriteStream.write(CloudFirestoreV1WriteStream.java:144)\r\n\tat com.google.cloud.datastore.emulator.impl.firestore.CloudFirestoreV1WriteStream.onNext(CloudFirestoreV1WriteStream.java:99)\r\n\tat com.google.cloud.datastore.emulator.impl.firestore.CloudFirestoreV1WriteStream.onNext(CloudFirestoreV1WriteStream.java:27)\r\n\tat io.grpc.stub.ServerCalls$StreamingServerCallHandler$StreamingServerCallListener.onMessage(ServerCalls.java:262)\r\n\tat io.grpc.ForwardingServerCallListener.onMessage(ForwardingServerCallListener.java:33)\r\n\tat io.grpc.Contexts$ContextualizedServerCallListener.onMessage(Contexts.java:76)\r\n\tat io.grpc.ForwardingServerCallListener.onMessage(ForwardingServerCallListener.java:33)\r\n\tat io.grpc.Contexts$ContextualizedServerCallListener.onMessage(Contexts.java:76)\r\n\tat io.grpc.internal.ServerCallImpl$ServerStreamListenerImpl.messagesAvailableInternal(ServerCallImpl.java:334)\r\n\tat io.grpc.internal.ServerCallImpl$ServerStreamListenerImpl.messagesAvailable(ServerCallImpl.java:319)\r\n\tat io.grpc.internal.ServerImpl$JumpToApplicationThreadServerStreamListener$1MessagesAvailable.runInContext(ServerImpl.java:852)\r\n\tat io.grpc.internal.ContextRunnable.run(ContextRunnable.java:37)\r\n\tat io.grpc.internal.SerializingExecutor.run(SerializingExecutor.java:133)\r\n\tat java.base/java.util.concurrent.ThreadPoolExecutor.runWorker(ThreadPoolExecutor.java:1090)\r\n\tat java.base/java.util.concurrent.ThreadPoolExecutor$Worker.run(ThreadPoolExecutor.java:614)\r\n\tat java.base/java.lang.Thread.run(Thread.java:1474)\r\n\r\n"}}
[debug] [2026-08-25T11:27:11.499Z] Aug 25, 2026 7:27:11 PM com.google.cloud.datastore.emulator.impl.util.WrappedStreamObserver onError
WARNING: Operation failed: 
evaluation error at L47:24 for 'update' @ L47, false for 'update' @ L47
com.google.cloud.datastore.core.exception.DatastoreException: 
evaluation error at L47:24 for 'update' @ L47, false for 'update' @ L47
	at com.google.cloud.datastore.core.exception.DatastoreException$Builder.build(DatastoreException.java:152)
	at com.google.cloud.datastore.emulator.impl.rules.DefaultEmulatorRulesAuthorizer.verboseError(DefaultEmulatorRulesAuthorizer.java:349)
	at com.google.cloud.datastore.emulator.impl.rules.DefaultEmulatorRulesAuthorizer.withVerboseErrors(DefaultEmulatorRulesAuthorizer.java:326)
	at com.google.cloud.datastore.emulator.impl.rules.DefaultEmulatorRulesAuthorizer.checkCommit(DefaultEmulatorRulesAuthorizer.java:113)
	at com.google.cloud.datastore.emulator.impl.firestore.FirestoreEmulatorHelper.commitHelper(FirestoreEmulatorHelper.java:407)
	at com.google.cloud.datastore.emulator.impl.firestore.FirestoreEmulatorHelper.internalCommit(FirestoreEmulatorHelper.java:348)
	at com.google.cloud.datastore.emulator.impl.firestore.CloudFirestoreV1.internalCommit(CloudFirestoreV1.java:1336)
	at com.google.cloud.datastore.emulator.impl.firestore.CloudFirestoreV1.write(CloudFirestoreV1.java:1321)
	at com.google.cloud.datastore.emulator.impl.firestore.CloudFirestoreV1WriteStream.handleRequest(CloudFirestoreV1WriteStream.java:222)
	at com.google.cloud.datastore.emulator.impl.firestore.CloudFirestoreV1WriteStream.write(CloudFirestoreV1WriteStream.java:144)
	at com.google.cloud.datastore.emulator.impl.firestore.CloudFirestoreV1WriteStream.onNext(CloudFirestoreV1WriteStream.java:99)
	at com.google.cloud.datastore.emulator.impl.firestore.CloudFirestoreV1WriteStream.onNext(CloudFirestoreV1WriteStream.java:27)
	at io.grpc.stub.ServerCalls$StreamingServerCallHandler$StreamingServerCallListener.onMessage(ServerCalls.java:262)
	at io.grpc.ForwardingServerCallListener.onMessage(ForwardingServerCallListener.java:33)
	at io.grpc.Contexts$ContextualizedServerCallListener.onMessage(Contexts.java:76)
	at io.grpc.ForwardingServerCallListener.onMessage(ForwardingServerCallListener.java:33)
	at io.grpc.Contexts$ContextualizedServerCallListener.onMessage(Contexts.java:76)
	at io.grpc.internal.ServerCallImpl$ServerStreamListenerImpl.messagesAvailableInternal(ServerCallImpl.java:334)
	at io.grpc.internal.ServerCallImpl$ServerStreamListenerImpl.messagesAvailable(ServerCallImpl.java:319)
	at io.grpc.internal.ServerImpl$JumpToApplicationThreadServerStreamListener$1MessagesAvailable.runInContext(ServerImpl.java:852)
	at io.grpc.internal.ContextRunnable.run(ContextRunnable.java:37)
	at io.grpc.internal.SerializingExecutor.run(SerializingExecutor.java:133)
	at java.base/java.util.concurrent.ThreadPoolExecutor.runWorker(ThreadPoolExecutor.java:1090)
	at java.base/java.util.concurrent.ThreadPoolExecutor$Worker.run(ThreadPoolExecutor.java:614)
	at java.base/java.lang.Thread.run(Thread.java:1474)

 {"metadata":{"emulator":{"name":"firestore"},"message":"Aug 25, 2026 7:27:11 PM com.google.cloud.datastore.emulator.impl.util.WrappedStreamObserver onError\r\nWARNING: Operation failed: \nevaluation error at L47:24 for 'update' @ L47, false for 'update' @ L47\r\ncom.google.cloud.datastore.core.exception.DatastoreException: \nevaluation error at L47:24 for 'update' @ L47, false for 'update' @ L47\r\n\tat com.google.cloud.datastore.core.exception.DatastoreException$Builder.build(DatastoreException.java:152)\r\n\tat com.google.cloud.datastore.emulator.impl.rules.DefaultEmulatorRulesAuthorizer.verboseError(DefaultEmulatorRulesAuthorizer.java:349)\r\n\tat com.google.cloud.datastore.emulator.impl.rules.DefaultEmulatorRulesAuthorizer.withVerboseErrors(DefaultEmulatorRulesAuthorizer.java:326)\r\n\tat com.google.cloud.datastore.emulator.impl.rules.DefaultEmulatorRulesAuthorizer.checkCommit(DefaultEmulatorRulesAuthorizer.java:113)\r\n\tat com.google.cloud.datastore.emulator.impl.firestore.FirestoreEmulatorHelper.commitHelper(FirestoreEmulatorHelper.java:407)\r\n\tat com.google.cloud.datastore.emulator.impl.firestore.FirestoreEmulatorHelper.internalCommit(FirestoreEmulatorHelper.java:348)\r\n\tat com.google.cloud.datastore.emulator.impl.firestore.CloudFirestoreV1.internalCommit(CloudFirestoreV1.java:1336)\r\n\tat com.google.cloud.datastore.emulator.impl.firestore.CloudFirestoreV1.write(CloudFirestoreV1.java:1321)\r\n\tat com.google.cloud.datastore.emulator.impl.firestore.CloudFirestoreV1WriteStream.handleRequest(CloudFirestoreV1WriteStream.java:222)\r\n\tat com.google.cloud.datastore.emulator.impl.firestore.CloudFirestoreV1WriteStream.write(CloudFirestoreV1WriteStream.java:144)\r\n\tat com.google.cloud.datastore.emulator.impl.firestore.CloudFirestoreV1WriteStream.onNext(CloudFirestoreV1WriteStream.java:99)\r\n\tat com.google.cloud.datastore.emulator.impl.firestore.CloudFirestoreV1WriteStream.onNext(CloudFirestoreV1WriteStream.java:27)\r\n\tat io.grpc.stub.ServerCalls$StreamingServerCallHandler$StreamingServerCallListener.onMessage(ServerCalls.java:262)\r\n\tat io.grpc.ForwardingServerCallListener.onMessage(ForwardingServerCallListener.java:33)\r\n\tat io.grpc.Contexts$ContextualizedServerCallListener.onMessage(Contexts.java:76)\r\n\tat io.grpc.ForwardingServerCallListener.onMessage(ForwardingServerCallListener.java:33)\r\n\tat io.grpc.Contexts$ContextualizedServerCallListener.onMessage(Contexts.java:76)\r\n\tat io.grpc.internal.ServerCallImpl$ServerStreamListenerImpl.messagesAvailableInternal(ServerCallImpl.java:334)\r\n\tat io.grpc.internal.ServerCallImpl$ServerStreamListenerImpl.messagesAvailable(ServerCallImpl.java:319)\r\n\tat io.grpc.internal.ServerImpl$JumpToApplicationThreadServerStreamListener$1MessagesAvailable.runInContext(ServerImpl.java:852)\r\n\tat io.grpc.internal.ContextRunnable.run(ContextRunnable.java:37)\r\n\tat io.grpc.internal.SerializingExecutor.run(SerializingExecutor.java:133)\r\n\tat java.base/java.util.concurrent.ThreadPoolExecutor.runWorker(ThreadPoolExecutor.java:1090)\r\n\tat java.base/java.util.concurrent.ThreadPoolExecutor$Worker.run(ThreadPoolExecutor.java:614)\r\n\tat java.base/java.lang.Thread.run(Thread.java:1474)\r\n\r\n"}}
[debug] [2026-08-25T11:27:11.738Z] Aug 25, 2026 7:27:11 PM com.google.cloud.datastore.emulator.impl.util.WrappedStreamObserver onError
WARNING: Operation failed: 
false for 'create' @ L78, false for 'update' @ L78
com.google.cloud.datastore.core.exception.DatastoreException: 
false for 'create' @ L78, false for 'update' @ L78
	at com.google.cloud.datastore.core.exception.DatastoreException$Builder.build(DatastoreException.java:152)
	at com.google.cloud.datastore.emulator.impl.rules.DefaultEmulatorRulesAuthorizer.verboseError(DefaultEmulatorRulesAuthorizer.java:349)
	at com.google.cloud.datastore.emulator.impl.rules.DefaultEmulatorRulesAuthorizer.withVerboseErrors(DefaultEmulatorRulesAuthorizer.java:326)
	at com.google.cloud.datastore.emulator.impl.rules.DefaultEmulatorRulesAuthorizer.checkCommit(DefaultEmulatorRulesAuthorizer.java:113)
	at com.google.cloud.datastore.emulator.impl.firestore.FirestoreEmulatorHelper.commitHelper(FirestoreEmulatorHelper.java:407)
	at com.google.cloud.datastore.emulator.impl.firestore.FirestoreEmulatorHelper.internalCommit(FirestoreEmulatorHelper.java:348)
	at com.google.cloud.datastore.emulator.impl.firestore.CloudFirestoreV1.internalCommit(CloudFirestoreV1.java:1336)
	at com.google.cloud.datastore.emulator.impl.firestore.CloudFirestoreV1.write(CloudFirestoreV1.java:1321)
	at com.google.cloud.datastore.emulator.impl.firestore.CloudFirestoreV1WriteStream.handleRequest(CloudFirestoreV1WriteStream.java:222)
	at com.google.cloud.datastore.emulator.impl.firestore.CloudFirestoreV1WriteStream.write(CloudFirestoreV1WriteStream.java:144)
	at com.google.cloud.datastore.emulator.impl.firestore.CloudFirestoreV1WriteStream.onNext(CloudFirestoreV1WriteStream.java:99)
	at com.google.cloud.datastore.emulator.impl.firestore.CloudFirestoreV1WriteStream.onNext(CloudFirestoreV1WriteStream.java:27)
	at io.grpc.stub.ServerCalls$StreamingServerCallHandler$StreamingServerCallListener.onMessage(ServerCalls.java:262)
	at io.grpc.ForwardingServerCallListener.onMessage(ForwardingServerCallListener.java:33)
	at io.grpc.Contexts$ContextualizedServerCallListener.onMessage(Contexts.java:76)
	at io.grpc.ForwardingServerCallListener.onMessage(ForwardingServerCallListener.java:33)
	at io.grpc.Contexts$ContextualizedServerCallListener.onMessage(Contexts.java:76)
	at io.grpc.internal.ServerCallImpl$ServerStreamListenerImpl.messagesAvailableInternal(ServerCallImpl.java:334)
	at io.grpc.internal.ServerCallImpl$ServerStreamListenerImpl.messagesAvailable(ServerCallImpl.java:319)
	at io.grpc.internal.ServerImpl$JumpToApplicationThreadServerStreamListener$1MessagesAvailable.runInContext(ServerImpl.java:852)
	at io.grpc.internal.ContextRunnable.run(ContextRunnable.java:37)
	at io.grpc.internal.SerializingExecutor.run(SerializingExecutor.java:133)
	at java.base/java.util.concurrent.ThreadPoolExecutor.runWorker(ThreadPoolExecutor.java:1090)
	at java.base/java.util.concurrent.ThreadPoolExecutor$Worker.run(ThreadPoolExecutor.java:614)
	at java.base/java.lang.Thread.run(Thread.java:1474)

 {"metadata":{"emulator":{"name":"firestore"},"message":"Aug 25, 2026 7:27:11 PM com.google.cloud.datastore.emulator.impl.util.WrappedStreamObserver onError\r\nWARNING: Operation failed: \nfalse for 'create' @ L78, false for 'update' @ L78\r\ncom.google.cloud.datastore.core.exception.DatastoreException: \nfalse for 'create' @ L78, false for 'update' @ L78\r\n\tat com.google.cloud.datastore.core.exception.DatastoreException$Builder.build(DatastoreException.java:152)\r\n\tat com.google.cloud.datastore.emulator.impl.rules.DefaultEmulatorRulesAuthorizer.verboseError(DefaultEmulatorRulesAuthorizer.java:349)\r\n\tat com.google.cloud.datastore.emulator.impl.rules.DefaultEmulatorRulesAuthorizer.withVerboseErrors(DefaultEmulatorRulesAuthorizer.java:326)\r\n\tat com.google.cloud.datastore.emulator.impl.rules.DefaultEmulatorRulesAuthorizer.checkCommit(DefaultEmulatorRulesAuthorizer.java:113)\r\n\tat com.google.cloud.datastore.emulator.impl.firestore.FirestoreEmulatorHelper.commitHelper(FirestoreEmulatorHelper.java:407)\r\n\tat com.google.cloud.datastore.emulator.impl.firestore.FirestoreEmulatorHelper.internalCommit(FirestoreEmulatorHelper.java:348)\r\n\tat com.google.cloud.datastore.emulator.impl.firestore.CloudFirestoreV1.internalCommit(CloudFirestoreV1.java:1336)\r\n\tat com.google.cloud.datastore.emulator.impl.firestore.CloudFirestoreV1.write(CloudFirestoreV1.java:1321)\r\n\tat com.google.cloud.datastore.emulator.impl.firestore.CloudFirestoreV1WriteStream.handleRequest(CloudFirestoreV1WriteStream.java:222)\r\n\tat com.google.cloud.datastore.emulator.impl.firestore.CloudFirestoreV1WriteStream.write(CloudFirestoreV1WriteStream.java:144)\r\n\tat com.google.cloud.datastore.emulator.impl.firestore.CloudFirestoreV1WriteStream.onNext(CloudFirestoreV1WriteStream.java:99)\r\n\tat com.google.cloud.datastore.emulator.impl.firestore.CloudFirestoreV1WriteStream.onNext(CloudFirestoreV1WriteStream.java:27)\r\n\tat io.grpc.stub.ServerCalls$StreamingServerCallHandler$StreamingServerCallListener.onMessage(ServerCalls.java:262)\r\n\tat io.grpc.ForwardingServerCallListener.onMessage(ForwardingServerCallListener.java:33)\r\n\tat io.grpc.Contexts$ContextualizedServerCallListener.onMessage(Contexts.java:76)\r\n\tat io.grpc.ForwardingServerCallListener.onMessage(ForwardingServerCallListener.java:33)\r\n\tat io.grpc.Contexts$ContextualizedServerCallListener.onMessage(Contexts.java:76)\r\n\tat io.grpc.internal.ServerCallImpl$ServerStreamListenerImpl.messagesAvailableInternal(ServerCallImpl.java:334)\r\n\tat io.grpc.internal.ServerCallImpl$ServerStreamListenerImpl.messagesAvailable(ServerCallImpl.java:319)\r\n\tat io.grpc.internal.ServerImpl$JumpToApplicationThreadServerStreamListener$1MessagesAvailable.runInContext(ServerImpl.java:852)\r\n\tat io.grpc.internal.ContextRunnable.run(ContextRunnable.java:37)\r\n\tat io.grpc.internal.SerializingExecutor.run(SerializingExecutor.java:133)\r\n\tat java.base/java.util.concurrent.ThreadPoolExecutor.runWorker(ThreadPoolExecutor.java:1090)\r\n\tat java.base/java.util.concurrent.ThreadPoolExecutor$Worker.run(ThreadPoolExecutor.java:614)\r\n\tat java.base/java.lang.Thread.run(Thread.java:1474)\r\n\r\n"}}
[debug] [2026-08-25T11:27:11.862Z] Aug 25, 2026 7:27:11 PM com.google.cloud.datastore.emulator.impl.util.WrappedStreamObserver onError
WARNING: Operation failed: 
evaluation error at L95:24 for 'update' @ L95, false for 'update' @ L95
com.google.cloud.datastore.core.exception.DatastoreException: 
evaluation error at L95:24 for 'update' @ L95, false for 'update' @ L95
	at com.google.cloud.datastore.core.exception.DatastoreException$Builder.build(DatastoreException.java:152)
	at com.google.cloud.datastore.emulator.impl.rules.DefaultEmulatorRulesAuthorizer.verboseError(DefaultEmulatorRulesAuthorizer.java:349)
	at com.google.cloud.datastore.emulator.impl.rules.DefaultEmulatorRulesAuthorizer.withVerboseErrors(DefaultEmulatorRulesAuthorizer.java:326)
	at com.google.cloud.datastore.emulator.impl.rules.DefaultEmulatorRulesAuthorizer.checkCommit(DefaultEmulatorRulesAuthorizer.java:113)
	at com.google.cloud.datastore.emulator.impl.firestore.FirestoreEmulatorHelper.commitHelper(FirestoreEmulatorHelper.java:407)
	at com.google.cloud.datastore.emulator.impl.firestore.FirestoreEmulatorHelper.internalCommit(FirestoreEmulatorHelper.java:348)
	at com.google.cloud.datastore.emulator.impl.firestore.CloudFirestoreV1.internalCommit(CloudFirestoreV1.java:1336)
	at com.google.cloud.datastore.emulator.impl.firestore.CloudFirestoreV1.write(CloudFirestoreV1.java:1321)
	at com.google.cloud.datastore.emulator.impl.firestore.CloudFirestoreV1WriteStream.handleRequest(CloudFirestoreV1WriteStream.java:222)
	at com.google.cloud.datastore.emulator.impl.firestore.CloudFirestoreV1WriteStream.write(CloudFirestoreV1WriteStream.java:144)
	at com.google.cloud.datastore.emulator.impl.firestore.CloudFirestoreV1WriteStream.onNext(CloudFirestoreV1WriteStream.java:99)
	at com.google.cloud.datastore.emulator.impl.firestore.CloudFirestoreV1WriteStream.onNext(CloudFirestoreV1WriteStream.java:27)
	at io.grpc.stub.ServerCalls$StreamingServerCallHandler$StreamingServerCallListener.onMessage(ServerCalls.java:262)
	at io.grpc.ForwardingServerCallListener.onMessage(ForwardingServerCallListener.java:33)
	at io.grpc.Contexts$ContextualizedServerCallListener.onMessage(Contexts.java:76)
	at io.grpc.ForwardingServerCallListener.onMessage(ForwardingServerCallListener.java:33)
	at io.grpc.Contexts$ContextualizedServerCallListener.onMessage(Contexts.java:76)
	at io.grpc.internal.ServerCallImpl$ServerStreamListenerImpl.messagesAvailableInternal(ServerCallImpl.java:334)
	at io.grpc.internal.ServerCallImpl$ServerStreamListenerImpl.messagesAvailable(ServerCallImpl.java:319)
	at io.grpc.internal.ServerImpl$JumpToApplicationThreadServerStreamListener$1MessagesAvailable.runInContext(ServerImpl.java:852)
	at io.grpc.internal.ContextRunnable.run(ContextRunnable.java:37)
	at io.grpc.internal.SerializingExecutor.run(SerializingExecutor.java:133)
	at java.base/java.util.concurrent.ThreadPoolExecutor.runWorker(ThreadPoolExecutor.java:1090)
	at java.base/java.util.concurrent.ThreadPoolExecutor$Worker.run(ThreadPoolExecutor.java:614)
	at java.base/java.lang.Thread.run(Thread.java:1474)

 {"metadata":{"emulator":{"name":"firestore"},"message":"Aug 25, 2026 7:27:11 PM com.google.cloud.datastore.emulator.impl.util.WrappedStreamObserver onError\r\nWARNING: Operation failed: \nevaluation error at L95:24 for 'update' @ L95, false for 'update' @ L95\r\ncom.google.cloud.datastore.core.exception.DatastoreException: \nevaluation error at L95:24 for 'update' @ L95, false for 'update' @ L95\r\n\tat com.google.cloud.datastore.core.exception.DatastoreException$Builder.build(DatastoreException.java:152)\r\n\tat com.google.cloud.datastore.emulator.impl.rules.DefaultEmulatorRulesAuthorizer.verboseError(DefaultEmulatorRulesAuthorizer.java:349)\r\n\tat com.google.cloud.datastore.emulator.impl.rules.DefaultEmulatorRulesAuthorizer.withVerboseErrors(DefaultEmulatorRulesAuthorizer.java:326)\r\n\tat com.google.cloud.datastore.emulator.impl.rules.DefaultEmulatorRulesAuthorizer.checkCommit(DefaultEmulatorRulesAuthorizer.java:113)\r\n\tat com.google.cloud.datastore.emulator.impl.firestore.FirestoreEmulatorHelper.commitHelper(FirestoreEmulatorHelper.java:407)\r\n\tat com.google.cloud.datastore.emulator.impl.firestore.FirestoreEmulatorHelper.internalCommit(FirestoreEmulatorHelper.java:348)\r\n\tat com.google.cloud.datastore.emulator.impl.firestore.CloudFirestoreV1.internalCommit(CloudFirestoreV1.java:1336)\r\n\tat com.google.cloud.datastore.emulator.impl.firestore.CloudFirestoreV1.write(CloudFirestoreV1.java:1321)\r\n\tat com.google.cloud.datastore.emulator.impl.firestore.CloudFirestoreV1WriteStream.handleRequest(CloudFirestoreV1WriteStream.java:222)\r\n\tat com.google.cloud.datastore.emulator.impl.firestore.CloudFirestoreV1WriteStream.write(CloudFirestoreV1WriteStream.java:144)\r\n\tat com.google.cloud.datastore.emulator.impl.firestore.CloudFirestoreV1WriteStream.onNext(CloudFirestoreV1WriteStream.java:99)\r\n\tat com.google.cloud.datastore.emulator.impl.firestore.CloudFirestoreV1WriteStream.onNext(CloudFirestoreV1WriteStream.java:27)\r\n\tat io.grpc.stub.ServerCalls$StreamingServerCallHandler$StreamingServerCallListener.onMessage(ServerCalls.java:262)\r\n\tat io.grpc.ForwardingServerCallListener.onMessage(ForwardingServerCallListener.java:33)\r\n\tat io.grpc.Contexts$ContextualizedServerCallListener.onMessage(Contexts.java:76)\r\n\tat io.grpc.ForwardingServerCallListener.onMessage(ForwardingServerCallListener.java:33)\r\n\tat io.grpc.Contexts$ContextualizedServerCallListener.onMessage(Contexts.java:76)\r\n\tat io.grpc.internal.ServerCallImpl$ServerStreamListenerImpl.messagesAvailableInternal(ServerCallImpl.java:334)\r\n\tat io.grpc.internal.ServerCallImpl$ServerStreamListenerImpl.messagesAvailable(ServerCallImpl.java:319)\r\n\tat io.grpc.internal.ServerImpl$JumpToApplicationThreadServerStreamListener$1MessagesAvailable.runInContext(ServerImpl.java:852)\r\n\tat io.grpc.internal.ContextRunnable.run(ContextRunnable.java:37)\r\n\tat io.grpc.internal.SerializingExecutor.run(SerializingExecutor.java:133)\r\n\tat java.base/java.util.concurrent.ThreadPoolExecutor.runWorker(ThreadPoolExecutor.java:1090)\r\n\tat java.base/java.util.concurrent.ThreadPoolExecutor$Worker.run(ThreadPoolExecutor.java:614)\r\n\tat java.base/java.lang.Thread.run(Thread.java:1474)\r\n\r\n"}}
[debug] [2026-08-25T11:27:12.039Z] Aug 25, 2026 7:27:12 PM com.google.cloud.datastore.emulator.impl.util.WrappedStreamObserver onError
WARNING: Operation failed: 
evaluation error at L113:24 for 'update' @ L113, false for 'update' @ L113
com.google.cloud.datastore.core.exception.DatastoreException: 
evaluation error at L113:24 for 'update' @ L113, false for 'update' @ L113
	at com.google.cloud.datastore.core.exception.DatastoreException$Builder.build(DatastoreException.java:152)
	at com.google.cloud.datastore.emulator.impl.rules.DefaultEmulatorRulesAuthorizer.verboseError(DefaultEmulatorRulesAuthorizer.java:349)
	at com.google.cloud.datastore.emulator.impl.rules.DefaultEmulatorRulesAuthorizer.withVerboseErrors(DefaultEmulatorRulesAuthorizer.java:326)
	at com.google.cloud.datastore.emulator.impl.rules.DefaultEmulatorRulesAuthorizer.checkCommit(DefaultEmulatorRulesAuthorizer.java:113)
	at com.google.cloud.datastore.emulator.impl.firestore.FirestoreEmulatorHelper.commitHelper(FirestoreEmulatorHelper.java:407)
	at com.google.cloud.datastore.emulator.impl.firestore.FirestoreEmulatorHelper.internalCommit(FirestoreEmulatorHelper.java:348)
	at com.google.cloud.datastore.emulator.impl.firestore.CloudFirestoreV1.internalCommit(CloudFirestoreV1.java:1336)
	at com.google.cloud.datastore.emulator.impl.firestore.CloudFirestoreV1.write(CloudFirestoreV1.java:1321)
	at com.google.cloud.datastore.emulator.impl.firestore.CloudFirestoreV1WriteStream.handleRequest(CloudFirestoreV1WriteStream.java:222)
	at com.google.cloud.datastore.emulator.impl.firestore.CloudFirestoreV1WriteStream.write(CloudFirestoreV1WriteStream.java:144)
	at com.google.cloud.datastore.emulator.impl.firestore.CloudFirestoreV1WriteStream.onNext(CloudFirestoreV1WriteStream.java:99)
	at com.google.cloud.datastore.emulator.impl.firestore.CloudFirestoreV1WriteStream.onNext(CloudFirestoreV1WriteStream.java:27)
	at io.grpc.stub.ServerCalls$StreamingServerCallHandler$StreamingServerCallListener.onMessage(ServerCalls.java:262)
	at io.grpc.ForwardingServerCallListener.onMessage(ForwardingServerCallListener.java:33)
	at io.grpc.Contexts$ContextualizedServerCallListener.onMessage(Contexts.java:76)
	at io.grpc.ForwardingServerCallListener.onMessage(ForwardingServerCallListener.java:33)
	at io.grpc.Contexts$ContextualizedServerCallListener.onMessage(Contexts.java:76)
	at io.grpc.internal.ServerCallImpl$ServerStreamListenerImpl.messagesAvailableInternal(ServerCallImpl.java:334)
	at io.grpc.internal.ServerCallImpl$ServerStreamListenerImpl.messagesAvailable(ServerCallImpl.java:319)
	at io.grpc.internal.ServerImpl$JumpToApplicationThreadServerStreamListener$1MessagesAvailable.runInContext(ServerImpl.java:852)
	at io.grpc.internal.ContextRunnable.run(ContextRunnable.java:37)
	at io.grpc.internal.SerializingExecutor.run(SerializingExecutor.java:133)
	at java.base/java.util.concurrent.ThreadPoolExecutor.runWorker(ThreadPoolExecutor.java:1090)
	at java.base/java.util.concurrent.ThreadPoolExecutor$Worker.run(ThreadPoolExecutor.java:614)
	at java.base/java.lang.Thread.run(Thread.java:1474)

 {"metadata":{"emulator":{"name":"firestore"},"message":"Aug 25, 2026 7:27:12 PM com.google.cloud.datastore.emulator.impl.util.WrappedStreamObserver onError\r\nWARNING: Operation failed: \nevaluation error at L113:24 for 'update' @ L113, false for 'update' @ L113\r\ncom.google.cloud.datastore.core.exception.DatastoreException: \nevaluation error at L113:24 for 'update' @ L113, false for 'update' @ L113\r\n\tat com.google.cloud.datastore.core.exception.DatastoreException$Builder.build(DatastoreException.java:152)\r\n\tat com.google.cloud.datastore.emulator.impl.rules.DefaultEmulatorRulesAuthorizer.verboseError(DefaultEmulatorRulesAuthorizer.java:349)\r\n\tat com.google.cloud.datastore.emulator.impl.rules.DefaultEmulatorRulesAuthorizer.withVerboseErrors(DefaultEmulatorRulesAuthorizer.java:326)\r\n\tat com.google.cloud.datastore.emulator.impl.rules.DefaultEmulatorRulesAuthorizer.checkCommit(DefaultEmulatorRulesAuthorizer.java:113)\r\n\tat com.google.cloud.datastore.emulator.impl.firestore.FirestoreEmulatorHelper.commitHelper(FirestoreEmulatorHelper.java:407)\r\n\tat com.google.cloud.datastore.emulator.impl.firestore.FirestoreEmulatorHelper.internalCommit(FirestoreEmulatorHelper.java:348)\r\n\tat com.google.cloud.datastore.emulator.impl.firestore.CloudFirestoreV1.internalCommit(CloudFirestoreV1.java:1336)\r\n\tat com.google.cloud.datastore.emulator.impl.firestore.CloudFirestoreV1.write(CloudFirestoreV1.java:1321)\r\n\tat com.google.cloud.datastore.emulator.impl.firestore.CloudFirestoreV1WriteStream.handleRequest(CloudFirestoreV1WriteStream.java:222)\r\n\tat com.google.cloud.datastore.emulator.impl.firestore.CloudFirestoreV1WriteStream.write(CloudFirestoreV1WriteStream.java:144)\r\n\tat com.google.cloud.datastore.emulator.impl.firestore.CloudFirestoreV1WriteStream.onNext(CloudFirestoreV1WriteStream.java:99)\r\n\tat com.google.cloud.datastore.emulator.impl.firestore.CloudFirestoreV1WriteStream.onNext(CloudFirestoreV1WriteStream.java:27)\r\n\tat io.grpc.stub.ServerCalls$StreamingServerCallHandler$StreamingServerCallListener.onMessage(ServerCalls.java:262)\r\n\tat io.grpc.ForwardingServerCallListener.onMessage(ForwardingServerCallListener.java:33)\r\n\tat io.grpc.Contexts$ContextualizedServerCallListener.onMessage(Contexts.java:76)\r\n\tat io.grpc.ForwardingServerCallListener.onMessage(ForwardingServerCallListener.java:33)\r\n\tat io.grpc.Contexts$ContextualizedServerCallListener.onMessage(Contexts.java:76)\r\n\tat io.grpc.internal.ServerCallImpl$ServerStreamListenerImpl.messagesAvailableInternal(ServerCallImpl.java:334)\r\n\tat io.grpc.internal.ServerCallImpl$ServerStreamListenerImpl.messagesAvailable(ServerCallImpl.java:319)\r\n\tat io.grpc.internal.ServerImpl$JumpToApplicationThreadServerStreamListener$1MessagesAvailable.runInContext(ServerImpl.java:852)\r\n\tat io.grpc.internal.ContextRunnable.run(ContextRunnable.java:37)\r\n\tat io.grpc.internal.SerializingExecutor.run(SerializingExecutor.java:133)\r\n\tat java.base/java.util.concurrent.ThreadPoolExecutor.runWorker(ThreadPoolExecutor.java:1090)\r\n\tat java.base/java.util.concurrent.ThreadPoolExecutor$Worker.run(ThreadPoolExecutor.java:614)\r\n\tat java.base/java.lang.Thread.run(Thread.java:1474)\r\n\r\n"}}
[debug] [2026-08-25T11:27:12.178Z] Aug 25, 2026 7:27:12 PM com.google.cloud.datastore.emulator.impl.util.WrappedStreamObserver onError
WARNING: Operation failed: 
false for 'delete' @ L117
com.google.cloud.datastore.core.exception.DatastoreException: 
false for 'delete' @ L117
	at com.google.cloud.datastore.core.exception.DatastoreException$Builder.build(DatastoreException.java:152)
	at com.google.cloud.datastore.emulator.impl.rules.DefaultEmulatorRulesAuthorizer.verboseError(DefaultEmulatorRulesAuthorizer.java:349)
	at com.google.cloud.datastore.emulator.impl.rules.DefaultEmulatorRulesAuthorizer.withVerboseErrors(DefaultEmulatorRulesAuthorizer.java:326)
	at com.google.cloud.datastore.emulator.impl.rules.DefaultEmulatorRulesAuthorizer.checkCommit(DefaultEmulatorRulesAuthorizer.java:113)
	at com.google.cloud.datastore.emulator.impl.firestore.FirestoreEmulatorHelper.commitHelper(FirestoreEmulatorHelper.java:407)
	at com.google.cloud.datastore.emulator.impl.firestore.FirestoreEmulatorHelper.internalCommit(FirestoreEmulatorHelper.java:348)
	at com.google.cloud.datastore.emulator.impl.firestore.CloudFirestoreV1.internalCommit(CloudFirestoreV1.java:1336)
	at com.google.cloud.datastore.emulator.impl.firestore.CloudFirestoreV1.write(CloudFirestoreV1.java:1321)
	at com.google.cloud.datastore.emulator.impl.firestore.CloudFirestoreV1WriteStream.handleRequest(CloudFirestoreV1WriteStream.java:222)
	at com.google.cloud.datastore.emulator.impl.firestore.CloudFirestoreV1WriteStream.write(CloudFirestoreV1WriteStream.java:144)
	at com.google.cloud.datastore.emulator.impl.firestore.CloudFirestoreV1WriteStream.onNext(CloudFirestoreV1WriteStream.java:99)
	at com.google.cloud.datastore.emulator.impl.firestore.CloudFirestoreV1WriteStream.onNext(CloudFirestoreV1WriteStream.java:27)
	at io.grpc.stub.ServerCalls$StreamingServerCallHandler$StreamingServerCallListener.onMessage(ServerCalls.java:262)
	at io.grpc.ForwardingServerCallListener.onMessage(ForwardingServerCallListener.java:33)
	at io.grpc.Contexts$ContextualizedServerCallListener.onMessage(Contexts.java:76)
	at io.grpc.ForwardingServerCallListener.onMessage(ForwardingServerCallListener.java:33)
	at io.grpc.Contexts$ContextualizedServerCallListener.onMessage(Contexts.java:76)
	at io.grpc.internal.ServerCallImpl$ServerStreamListenerImpl.messagesAvailableInternal(ServerCallImpl.java:334)
	at io.grpc.internal.ServerCallImpl$ServerStreamListenerImpl.messagesAvailable(ServerCallImpl.java:319)
	at io.grpc.internal.ServerImpl$JumpToApplicationThreadServerStreamListener$1MessagesAvailable.runInContext(ServerImpl.java:852)
	at io.grpc.internal.ContextRunnable.run(ContextRunnable.java:37)
	at io.grpc.internal.SerializingExecutor.run(SerializingExecutor.java:133)
	at java.base/java.util.concurrent.ThreadPoolExecutor.runWorker(ThreadPoolExecutor.java:1090)
	at java.base/java.util.concurrent.ThreadPoolExecutor$Worker.run(ThreadPoolExecutor.java:614)
	at java.base/java.lang.Thread.run(Thread.java:1474)

 {"metadata":{"emulator":{"name":"firestore"},"message":"Aug 25, 2026 7:27:12 PM com.google.cloud.datastore.emulator.impl.util.WrappedStreamObserver onError\r\nWARNING: Operation failed: \nfalse for 'delete' @ L117\r\ncom.google.cloud.datastore.core.exception.DatastoreException: \nfalse for 'delete' @ L117\r\n\tat com.google.cloud.datastore.core.exception.DatastoreException$Builder.build(DatastoreException.java:152)\r\n\tat com.google.cloud.datastore.emulator.impl.rules.DefaultEmulatorRulesAuthorizer.verboseError(DefaultEmulatorRulesAuthorizer.java:349)\r\n\tat com.google.cloud.datastore.emulator.impl.rules.DefaultEmulatorRulesAuthorizer.withVerboseErrors(DefaultEmulatorRulesAuthorizer.java:326)\r\n\tat com.google.cloud.datastore.emulator.impl.rules.DefaultEmulatorRulesAuthorizer.checkCommit(DefaultEmulatorRulesAuthorizer.java:113)\r\n\tat com.google.cloud.datastore.emulator.impl.firestore.FirestoreEmulatorHelper.commitHelper(FirestoreEmulatorHelper.java:407)\r\n\tat com.google.cloud.datastore.emulator.impl.firestore.FirestoreEmulatorHelper.internalCommit(FirestoreEmulatorHelper.java:348)\r\n\tat com.google.cloud.datastore.emulator.impl.firestore.CloudFirestoreV1.internalCommit(CloudFirestoreV1.java:1336)\r\n\tat com.google.cloud.datastore.emulator.impl.firestore.CloudFirestoreV1.write(CloudFirestoreV1.java:1321)\r\n\tat com.google.cloud.datastore.emulator.impl.firestore.CloudFirestoreV1WriteStream.handleRequest(CloudFirestoreV1WriteStream.java:222)\r\n\tat com.google.cloud.datastore.emulator.impl.firestore.CloudFirestoreV1WriteStream.write(CloudFirestoreV1WriteStream.java:144)\r\n\tat com.google.cloud.datastore.emulator.impl.firestore.CloudFirestoreV1WriteStream.onNext(CloudFirestoreV1WriteStream.java:99)\r\n\tat com.google.cloud.datastore.emulator.impl.firestore.CloudFirestoreV1WriteStream.onNext(CloudFirestoreV1WriteStream.java:27)\r\n\tat io.grpc.stub.ServerCalls$StreamingServerCallHandler$StreamingServerCallListener.onMessage(ServerCalls.java:262)\r\n\tat io.grpc.ForwardingServerCallListener.onMessage(ForwardingServerCallListener.java:33)\r\n\tat io.grpc.Contexts$ContextualizedServerCallListener.onMessage(Contexts.java:76)\r\n\tat io.grpc.ForwardingServerCallListener.onMessage(ForwardingServerCallListener.java:33)\r\n\tat io.grpc.Contexts$ContextualizedServerCallListener.onMessage(Contexts.java:76)\r\n\tat io.grpc.internal.ServerCallImpl$ServerStreamListenerImpl.messagesAvailableInternal(ServerCallImpl.java:334)\r\n\tat io.grpc.internal.ServerCallImpl$ServerStreamListenerImpl.messagesAvailable(ServerCallImpl.java:319)\r\n\tat io.grpc.internal.ServerImpl$JumpToApplicationThreadServerStreamListener$1MessagesAvailable.runInContext(ServerImpl.java:852)\r\n\tat io.grpc.internal.ContextRunnable.run(ContextRunnable.java:37)\r\n\tat io.grpc.internal.SerializingExecutor.run(SerializingExecutor.java:133)\r\n\tat java.base/java.util.concurrent.ThreadPoolExecutor.runWorker(ThreadPoolExecutor.java:1090)\r\n\tat java.base/java.util.concurrent.ThreadPoolExecutor$Worker.run(ThreadPoolExecutor.java:614)\r\n\tat java.base/java.lang.Thread.run(Thread.java:1474)\r\n\r\n"}}
[debug] [2026-08-25T11:27:12.191Z] Aug 25, 2026 7:27:12 PM io.netty.channel.DefaultChannelPipeline onUnhandledInboundException
WARNING: An exceptionCaught() event was fired, and it reached at the tail of the pipeline. It usually means the last handler in the pipeline did not handle the exception.
java.net.SocketException: Connection reset
	at java.base/sun.nio.ch.SocketChannelImpl.throwConnectionReset(SocketChannelImpl.java:399)
	at java.base/sun.nio.ch.SocketChannelImpl.implRead(SocketChannelImpl.java:431)
	at java.base/sun.nio.ch.SocketChannelImpl.read(SocketChannelImpl.java:489)
	at io.netty.buffer.PooledByteBuf.setBytes(PooledByteBuf.java:255)
	at io.netty.buffer.AbstractByteBuf.writeBytes(AbstractByteBuf.java:1132)
	at io.netty.channel.socket.nio.NioSocketChannel.doReadBytes(NioSocketChannel.java:356)
	at io.netty.channel.nio.AbstractNioByteChannel$NioByteUnsafe.read(AbstractNioByteChannel.java:156)
	at io.netty.channel.nio.NioEventLoop.processSelectedKey(NioEventLoop.java:796)
	at io.netty.channel.nio.NioEventLoop.processSelectedKeysOptimized(NioEventLoop.java:732)
	at io.netty.channel.nio.NioEventLoop.processSelectedKeys(NioEventLoop.java:658)
	at io.netty.channel.nio.NioEventLoop.run(NioEventLoop.java:562)
	at io.netty.util.concurrent.SingleThreadEventExecutor$4.run(SingleThreadEventExecutor.java:998)
	at io.netty.util.internal.ThreadExecutorMap$2.run(ThreadExecutorMap.java:74)
	at io.netty.util.concurrent.FastThreadLocalRunnable.run(FastThreadLocalRunnable.java:30)
	at java.base/java.lang.Thread.run(Thread.java:1474)

Aug 25, 2026 7:27:12 PM io.netty.channel.DefaultChannelPipeline onUnhandledInboundException
WARNING: An exceptionCaught() event was fired, and it reached at the tail of the pipeline. It usually means the last handler in the pipeline did not handle the exception.
java.net.SocketException: Connection reset
	at java.base/sun.nio.ch.SocketChannelImpl.throwConnectionReset(SocketChannelImpl.java:399)
	at java.base/sun.nio.ch.SocketChannelImpl.implRead(SocketChannelImpl.java:431)
	at java.base/sun.nio.ch.SocketChannelImpl.read(SocketChannelImpl.java:489)
	at io.netty.buffer.PooledByteBuf.setBytes(PooledByteBuf.java:255)
	at io.netty.buffer.AbstractByteBuf.writeBytes(AbstractByteBuf.java:1132)
	at io.netty.channel.socket.nio.NioSocketChannel.doReadBytes(NioSocketChannel.java:356)
	at io.netty.channel.nio.AbstractNioByteChannel$NioByteUnsafe.read(AbstractNioByteChannel.java:156)
	at io.netty.channel.nio.NioEventLoop.processSelectedKey(NioEventLoop.java:796)
	at io.netty.channel.nio.NioEventLoop.processSelectedKeysOptimized(NioEventLoop.java:732)
	at io.netty.channel.nio.NioEventLoop.processSelectedKeys(NioEventLoop.java:658)
	at io.netty.channel.nio.NioEventLoop.run(NioEventLoop.java:562)
	at io.netty.util.concurrent.SingleThreadEventExecutor$4.run(SingleThreadEventExecutor.java:998)
	at io.netty.util.internal.ThreadExecutorMap$2.run(ThreadExecutorMap.java:74)
	at io.netty.util.concurrent.FastThreadLocalRunnable.run(FastThreadLocalRunnable.java:30)
	at java.base/java.lang.Thread.run(Thread.java:1474)

 {"metadata":{"emulator":{"name":"firestore"},"message":"Aug 25, 2026 7:27:12 PM io.netty.channel.DefaultChannelPipeline onUnhandledInboundException\r\nWARNING: An exceptionCaught() event was fired, and it reached at the tail of the pipeline. It usually means the last handler in the pipeline did not handle the exception.\r\njava.net.SocketException: Connection reset\r\n\tat java.base/sun.nio.ch.SocketChannelImpl.throwConnectionReset(SocketChannelImpl.java:399)\r\n\tat java.base/sun.nio.ch.SocketChannelImpl.implRead(SocketChannelImpl.java:431)\r\n\tat java.base/sun.nio.ch.SocketChannelImpl.read(SocketChannelImpl.java:489)\r\n\tat io.netty.buffer.PooledByteBuf.setBytes(PooledByteBuf.java:255)\r\n\tat io.netty.buffer.AbstractByteBuf.writeBytes(AbstractByteBuf.java:1132)\r\n\tat io.netty.channel.socket.nio.NioSocketChannel.doReadBytes(NioSocketChannel.java:356)\r\n\tat io.netty.channel.nio.AbstractNioByteChannel$NioByteUnsafe.read(AbstractNioByteChannel.java:156)\r\n\tat io.netty.channel.nio.NioEventLoop.processSelectedKey(NioEventLoop.java:796)\r\n\tat io.netty.channel.nio.NioEventLoop.processSelectedKeysOptimized(NioEventLoop.java:732)\r\n\tat io.netty.channel.nio.NioEventLoop.processSelectedKeys(NioEventLoop.java:658)\r\n\tat io.netty.channel.nio.NioEventLoop.run(NioEventLoop.java:562)\r\n\tat io.netty.util.concurrent.SingleThreadEventExecutor$4.run(SingleThreadEventExecutor.java:998)\r\n\tat io.netty.util.internal.ThreadExecutorMap$2.run(ThreadExecutorMap.java:74)\r\n\tat io.netty.util.concurrent.FastThreadLocalRunnable.run(FastThreadLocalRunnable.java:30)\r\n\tat java.base/java.lang.Thread.run(Thread.java:1474)\r\n\r\nAug 25, 2026 7:27:12 PM io.netty.channel.DefaultChannelPipeline onUnhandledInboundException\r\nWARNING: An exceptionCaught() event was fired, and it reached at the tail of the pipeline. It usually means the last handler in the pipeline did not handle the exception.\r\njava.net.SocketException: Connection reset\r\n\tat java.base/sun.nio.ch.SocketChannelImpl.throwConnectionReset(SocketChannelImpl.java:399)\r\n\tat java.base/sun.nio.ch.SocketChannelImpl.implRead(SocketChannelImpl.java:431)\r\n\tat java.base/sun.nio.ch.SocketChannelImpl.read(SocketChannelImpl.java:489)\r\n\tat io.netty.buffer.PooledByteBuf.setBytes(PooledByteBuf.java:255)\r\n\tat io.netty.buffer.AbstractByteBuf.writeBytes(AbstractByteBuf.java:1132)\r\n\tat io.netty.channel.socket.nio.NioSocketChannel.doReadBytes(NioSocketChannel.java:356)\r\n\tat io.netty.channel.nio.AbstractNioByteChannel$NioByteUnsafe.read(AbstractNioByteChannel.java:156)\r\n\tat io.netty.channel.nio.NioEventLoop.processSelectedKey(NioEventLoop.java:796)\r\n\tat io.netty.channel.nio.NioEventLoop.processSelectedKeysOptimized(NioEventLoop.java:732)\r\n\tat io.netty.channel.nio.NioEventLoop.processSelectedKeys(NioEventLoop.java:658)\r\n\tat io.netty.channel.nio.NioEventLoop.run(NioEventLoop.java:562)\r\n\tat io.netty.util.concurrent.SingleThreadEventExecutor$4.run(SingleThreadEventExecutor.java:998)\r\n\tat io.netty.util.internal.ThreadExecutorMap$2.run(ThreadExecutorMap.java:74)\r\n\tat io.netty.util.concurrent.FastThreadLocalRunnable.run(FastThreadLocalRunnable.java:30)\r\n\tat java.base/java.lang.Thread.run(Thread.java:1474)\r\n\r\n"}}
